sku,ID,reference-lmb
,5645,
,5650,A-000000-02347
,5651,A-000000-02346
,5652,A-000000-02345
,5653,A-000000-02344
,5654,A-000000-02343
,5655,A-000000-02342
,5656,A-000000-02341
,5657,A-000000-02340
,5658,A-000000-02339
,5659,A-000000-02338
,5660,A-000000-02337
,5661,A-000000-02336
,5662,A-000000-02335
,5663,A-000000-02334
,5664,A-000000-02333
,5665,A-000000-02332
,5666,A-000000-02329
,5667,A-000000-02328
,5668,A-000000-02327
,5669,A-000000-02326
,5670,A-000000-02325
,5671,A-000000-02324
,5672,A-000000-02323
,5673,A-000000-02322
,5674,A-000000-02321
,5675,A-000000-02320
,5676,A-000000-02319
,5677,A-000000-02318
,5678,A-000000-02317
,5679,A-000000-02316
,5680,A-000000-02315
,5681,A-000000-02314
,5682,A-000000-02313
,5683,A-000000-02312
,5684,A-000000-02311
,5685,A-000000-02310
,5686,A-000000-02309
,5687,A-000000-02300
,5688,A-000000-02297
,5689,A-000000-02296
,5690,A-000000-02295
,5691,A-000000-02294
,5692,A-000000-02293
,5693,A-000000-02292
,5694,A-000000-02291
,5695,A-000000-02290
,5696,A-000000-02289
,5697,A-000000-02288
,5698,A-000000-02286
,5699,A-000000-02285
,5700,A-000000-02284
,5701,A-000000-02283
,5702,A-000000-02282
,5703,A-000000-02278
,5704,A-000000-02277
,5705,A-000000-02276
,5706,A-000000-02275
,5707,A-000000-02274
,5708,A-000000-02273
,5709,A-000000-02272
,5710,A-000000-02271
,5711,A-000000-02270
,5712,A-000000-02269
,5713,A-000000-02268
,5714,A-000000-02267
,5715,A-000000-02266
,5716,A-000000-02265
,5717,A-000000-02264
,5718,A-000000-02263
,5719,A-000000-02262
,5720,A-000000-02261
,5721,A-000000-02260
,5722,A-000000-02259
,5723,A-000000-02258
,5724,A-000000-02256
,5725,A-000000-02255
,5726,A-000000-02254
,5727,A-000000-02253
,5728,A-000000-02252
,5729,A-000000-02251
,5730,A-000000-02250
,5731,A-000000-02249
,5732,A-000000-02248
,5733,A-000000-02247
,5734,A-000000-02246
,5735,A-000000-02245
,5736,A-000000-02244
,5737,A-000000-02243
,5738,A-000000-02242
,5739,A-000000-02241
,5740,A-000000-02240
,5741,A-000000-02239
,5742,A-000000-02238
,5743,A-000000-02237
,5744,A-000000-02236
,5745,A-000000-02234
,5746,A-000000-02233
,5747,A-000000-02232
,5748,A-000000-02229
,5749,A-000000-02228
,5750,A-000000-02227
,5751,A-000000-02226
,5752,A-000000-02225
,5753,A-000000-02224
,5754,A-000000-02223
,5755,A-000000-02222
,5756,A-000000-02221
,5757,A-000000-02219
,5758,A-000000-02218
,5759,A-000000-02217
,5760,A-000000-02216
,5761,A-000000-02215
,5762,A-000000-02214
,5763,A-000000-02213
,5764,A-000000-02212
,5765,A-000000-02208
,5766,A-000000-02207
,5767,A-000000-02206
,5768,A-000000-02205
,5769,A-000000-02204
,5770,A-000000-02203
,5771,A-000000-02202
,5772,A-000000-02201
,5773,A-000000-02198
,5774,A-000000-02197
,5775,A-000000-02196
,5776,A-000000-02195
,5777,A-000000-02194
,5778,A-000000-02193
,5779,A-000000-02192
,5780,A-000000-02191
,5781,A-000000-02190
,5782,A-000000-02189
,5783,A-000000-02188
,5784,A-000000-02187
,5785,A-000000-02186
,5786,A-000000-02185
,5787,A-000000-02184
,5788,A-000000-02182
,5789,A-000000-02181
,5790,A-000000-02180
,5791,A-000000-02179
,5792,A-000000-02178
,5793,A-000000-02177
,5794,A-000000-02176
,5795,A-000000-02175
,5796,A-000000-02174
,5797,A-000000-02173
,5798,A-000000-02172
,5799,A-000000-02171
,5800,A-000000-02170
,5801,A-000000-02169
,5802,A-000000-02168
,5803,A-000000-02167
,5804,A-000000-02166
,5805,A-000000-02165
,5806,A-000000-02163
,5807,A-000000-02162
,5808,A-000000-02160
,5809,A-000000-02159
,5810,A-000000-02157
,5811,A-000000-02156
,5812,A-000000-02155
,5813,A-000000-02152
,5814,A-000000-02151
,5815,A-000000-02150
,5816,A-000000-02149
,5817,A-000000-02146
,5818,A-000000-02144
,5819,A-000000-02143
,5820,A-000000-02142
,5821,A-000000-02141
,5822,A-000000-02140
,5823,A-000000-02139
,5824,A-000000-02137
,5825,A-000000-02136
,5826,A-000000-02135
,5827,A-000000-02134
,5828,A-000000-02132
,5829,A-000000-02131
,5830,A-000000-02128
,5831,A-000000-02126
,5832,A-000000-02125
,5833,A-000000-02124
,5834,A-000000-02123
,5835,A-000000-02122
,5836,A-000000-02121
,5837,A-000000-02117
,5838,A-000000-02116
,5839,A-000000-02115
,5840,A-000000-02114
,5841,A-000000-02113
,5842,A-000000-02112
,5843,A-000000-02110
,5844,A-000000-02109
,5845,A-000000-02104
,5846,A-000000-02102
,5847,A-000000-02101
,5848,A-000000-02100
,5849,A-000000-02099
,5850,A-000000-02094
,5851,A-000000-02093
,5852,A-000000-02092
,5853,A-000000-02091
,5854,A-000000-02089
,5855,A-000000-02087
,5856,A-000000-02086
,5857,A-000000-02080
,5858,A-000000-02079
,5859,A-000000-02078
,5860,A-000000-02077
,5861,A-000000-02076
,5862,A-000000-02075
,5863,A-000000-02074
,5864,A-000000-02073
,5865,A-000000-02071
,5866,A-000000-02070
,5867,A-000000-02069
,5868,A-000000-02068
,5869,A-000000-02067
,5870,A-000000-02066
,5871,A-000000-02065
,5872,A-000000-02064
,5873,A-000000-02063
,5874,A-000000-02062
,5875,A-000000-02061
,5876,A-000000-02060
,5877,A-000000-02059
,5878,A-000000-02057
,5879,A-000000-02056
,5880,A-000000-02045
,5881,A-000000-02044
,5882,A-000000-02043
,5883,A-000000-02042
,5884,A-000000-02041
,5885,A-000000-02040
,5886,A-000000-02039
,5887,A-000000-02038
,5888,A-000000-02037
,5889,A-000000-02036
,5890,A-000000-02035
,5891,A-000000-02034
,5892,A-000000-02033
,5893,A-000000-02032
,5894,A-000000-02031
,5895,A-000000-02030
,5896,A-000000-02029
,5897,A-000000-02028
,5898,A-000000-02027
,5899,A-000000-02026
,5900,A-000000-02025
,5901,A-000000-02024
,5902,A-000000-02023
,5903,A-000000-02022
,5904,A-000000-02021
,5905,A-000000-02019
,5906,A-000000-02017
,5907,A-000000-02016
,5908,A-000000-02014
,5909,A-000000-02013
,5910,A-000000-02012
,5911,A-000000-02011
,5912,A-000000-02010
,5913,A-000000-02009
,5914,A-000000-02008
,5915,A-000000-02007
,5916,A-000000-02006
,5917,A-000000-02005
,5918,A-000000-02004
,5919,A-000000-02003
,5920,A-000000-02002
,5921,A-000000-02001
,5922,A-000000-01998
,5923,A-000000-01997
,5924,A-000000-01996
,5925,A-000000-01995
,5926,A-000000-01994
,5927,A-000000-01993
,5928,A-000000-01992
,5929,A-000000-01991
,5930,A-000000-01990
,5931,A-000000-01989
,5932,A-000000-01988
,5933,A-000000-01986
,5934,A-000000-01985
,5935,A-000000-01984
,5936,A-000000-01983
,5937,A-000000-01982
,5938,A-000000-01981
,5939,A-000000-01980
,5940,A-000000-01979
,5941,A-000000-01978
,5942,A-000000-01977
,5943,A-000000-01976
,5944,A-000000-01975
,5945,A-000000-01974
,5946,A-000000-01973
,5947,A-000000-01972
,5948,A-000000-01971
,5949,A-000000-01970
,5950,A-000000-01966
,5951,A-000000-01963
,5952,A-000000-01962
,5953,A-000000-01961
,5954,A-000000-01960
,5955,A-000000-01959
,5956,A-000000-01958
,5957,A-000000-01957
,5958,A-000000-01956
,5959,A-000000-01955
,5960,A-000000-01954
,5961,A-000000-01953
,5962,A-000000-01950
,5963,A-000000-01949
,5964,A-000000-01948
,5965,A-000000-01947
,5966,A-000000-01946
,5967,A-000000-01945
,5968,A-000000-01944
,5969,A-000000-01943
,5970,A-000000-01942
,5971,A-000000-01941
,5972,A-000000-01940
,5973,A-000000-01939
,5974,A-000000-01938
,5975,A-000000-01937
,5976,A-000000-01936
,5977,A-000000-01935
,5978,A-000000-01934
,5979,A-000000-01933
,5980,A-000000-01932
,5981,A-000000-01931
,5982,A-000000-01930
,5983,A-000000-01929
,5984,A-000000-01928
,5985,A-000000-01927
,5986,A-000000-01926
,5987,A-000000-01925
,5988,A-000000-01924
,5989,A-000000-01923
,5990,A-000000-01922
,5991,A-000000-01921
,5992,A-000000-01920
,5993,A-000000-01918
,5994,A-000000-01917
,5995,A-000000-01915
,5996,A-000000-01914
,5997,A-000000-01913
,5998,A-000000-01912
,5999,A-000000-01911
,6000,A-000000-01910
,6001,A-000000-01909
,6002,A-000000-01907
,6003,A-000000-01906
,6004,A-000000-01905
,6005,A-000000-01904
,6006,A-000000-01903
,6007,A-000000-01902
,6008,A-000000-01901
,6009,A-000000-01900
,6010,A-000000-01899
,6011,A-000000-01896
,6012,A-000000-01895
,6013,A-000000-01894
,6014,A-000000-01893
,6015,A-000000-01892
,6016,A-000000-01890
,6017,A-000000-01889
,6018,A-000000-01888
,6019,A-000000-01887
,6020,A-000000-01886
,6021,A-000000-01885
,6022,A-000000-01884
,6023,A-000000-01883
,6024,A-000000-01882
,6025,A-000000-01881
,6026,A-000000-01880
,6027,A-000000-01879
,6028,A-000000-01878
,6029,A-000000-01877
,6030,A-000000-01876
,6031,A-000000-01875
,6032,A-000000-01874
,6033,A-000000-01873
,6034,A-000000-01872
,6035,A-000000-01871
,6036,A-000000-01870
,6037,A-000000-01869
,6038,A-000000-01868
,6039,A-000000-01867
,6040,A-000000-01866
,6041,A-000000-01865
,6042,A-000000-01864
,6043,A-000000-01863
,6044,A-000000-01862
,6045,A-000000-01861
,6046,A-000000-01860
,6047,A-000000-01859
,6048,A-000000-01857
,6049,A-000000-01856
,6050,A-000000-01854
,6051,A-000000-01852
,6052,A-000000-01851
,6053,A-000000-01850
,6054,A-000000-01849
,6055,A-000000-01848
,6056,A-000000-01847
,6057,A-000000-01846
,6058,A-000000-01845
,6059,A-000000-01844
,6060,A-000000-01843
,6061,A-000000-01842
,6062,A-000000-01841
,6063,A-000000-01839
,6064,A-000000-01838
,6065,A-000000-01837
,6066,A-000000-01836
,6067,A-000000-01835
,6068,A-000000-01834
,6069,A-000000-01833
,6070,A-000000-01832
,6071,A-000000-01831
,6072,A-000000-01830
,6073,A-000000-01829
,6074,A-000000-01828
,6075,A-000000-01827
,6076,A-000000-01826
,6077,A-000000-01825
,6078,A-000000-01824
,6079,A-000000-01823
,6080,A-000000-01822
,6081,A-000000-01821
,6082,A-000000-01820
,6083,A-000000-01819
,6084,A-000000-01818
,6085,A-000000-01817
,6086,A-000000-01816
,6087,A-000000-01815
,6088,A-000000-01814
,6089,A-000000-01813
,6090,A-000000-01812
,6091,A-000000-01811
,6092,A-000000-01810
,6093,A-000000-01809
,6094,A-000000-01808
,6095,A-000000-01807
,6096,A-000000-01803
,6097,A-000000-01800
,6098,A-000000-01799
,6099,A-000000-01798
,6100,A-000000-01797
,6101,A-000000-01796
,6102,A-000000-01794
,6103,A-000000-01793
,6104,A-000000-01792
,6105,A-000000-01791
,6106,A-000000-01788
,6107,A-000000-01787
,6108,A-000000-01786
,6109,A-000000-01785
,6110,A-000000-01784
,6111,A-000000-01783
,6112,A-000000-01782
,6113,A-000000-01781
,6114,A-000000-01780
,6115,A-000000-01779
,6116,A-000000-01778
,6117,A-000000-01777
,6118,A-000000-01776
,6119,A-000000-01775
,6120,A-000000-01774
,6121,A-000000-01773
,6122,A-000000-01772
,6123,A-000000-01769
,6124,A-000000-01768
,6125,A-000000-01767
,6126,A-000000-01766
,6127,A-000000-01765
,6128,A-000000-01764
,6129,A-000000-01763
,6130,A-000000-01762
,6131,A-000000-01761
,6132,A-000000-01760
,6133,A-000000-01759
,6134,A-000000-01758
,6135,A-000000-01757
,6136,A-000000-01756
,6137,A-000000-01755
,6138,A-000000-01754
,6139,A-000000-01753
,6140,A-000000-01752
,6141,A-000000-01750
,6142,A-000000-01749
,6143,A-000000-01748
,6144,A-000000-01747
,6145,A-000000-01746
,6146,A-000000-01745
,6147,A-000000-01744
,6148,A-000000-01743
,6149,A-000000-01742
,6150,A-000000-01741
,6151,A-000000-01740
,6152,A-000000-01739
,6153,A-000000-01738
,6154,A-000000-01737
,6155,A-000000-01736
,6156,A-000000-01735
,6157,A-000000-01734
,6158,A-000000-01733
,6159,A-000000-01732
,6160,A-000000-01731
,6161,A-000000-01730
,6162,A-000000-01729
,6163,A-000000-01728
,6164,A-000000-01727
,6165,A-000000-01726
,6166,A-000000-01725
,6167,A-000000-01722
,6168,A-000000-01721
,6169,A-000000-01720
,6170,A-000000-01719
,6171,A-000000-01718
,6172,A-000000-01717
,6173,A-000000-01716
,6174,A-000000-01715
,6175,A-000000-01714
,6176,A-000000-01713
,6177,A-000000-01712
,6178,A-000000-01711
,6179,A-000000-01710
,6180,A-000000-01709
,6181,A-000000-01708
,6182,A-000000-01707
,6183,A-000000-01706
,6184,A-000000-01705
,6185,A-000000-01704
,6186,A-000000-01703
,6187,A-000000-01702
,6188,A-000000-01701
,6189,A-000000-01700
,6190,A-000000-01699
,6191,A-000000-01698
,6192,A-000000-01697
,6193,A-000000-01696
,6194,A-000000-01695
,6195,A-000000-01694
,6196,A-000000-01693
,6197,A-000000-01691
,6198,A-000000-01690
,6199,A-000000-01689
,6200,A-000000-01688
,6201,A-000000-01687
,6202,A-000000-01686
,6203,A-000000-01685
,6204,A-000000-01684
,6205,A-000000-01683
,6206,A-000000-01682
,6207,A-000000-01681
,6208,A-000000-01680
,6209,A-000000-01679
,6210,A-000000-01678
,6211,A-000000-01677
,6212,A-000000-01676
,6213,A-000000-01675
,6214,A-000000-01674
,6215,A-000000-01673
,6216,A-000000-01672
,6217,A-000000-01671
,6218,A-000000-01670
,6219,A-000000-01669
,6220,A-000000-01668
,6221,A-000000-01667
,6222,A-000000-01665
,6223,A-000000-01664
,6224,A-000000-01663
,6225,A-000000-01662
,6226,A-000000-01661
,6227,A-000000-01660
,6228,A-000000-01659
,6229,A-000000-01658
,6230,A-000000-01657
,6231,A-000000-01656
,6232,A-000000-01655
,6233,A-000000-01654
,6234,A-000000-01653
,6235,A-000000-01652
,6236,A-000000-01651
,6237,A-000000-01650
,6238,A-000000-01649
,6239,A-000000-01648
,6240,A-000000-01647
,6241,A-000000-01646
,6242,A-000000-01645
,6243,A-000000-01644
,6244,A-000000-01643
,6245,A-000000-01642
,6246,A-000000-01641
,6247,A-000000-01640
,6248,A-000000-01639
,6249,A-000000-01638
,6250,A-000000-01637
,6251,A-000000-01636
,6252,A-000000-01635
,6253,A-000000-01634
,6254,A-000000-01633
,6255,A-000000-01632
,6256,A-000000-01631
,6257,A-000000-01630
,6258,A-000000-01629
,6259,A-000000-01623
,6260,A-000000-01622
,6261,A-000000-01621
,6262,A-000000-01620
,6263,A-000000-01619
,6264,A-000000-01618
,6265,A-000000-01617
,6266,A-000000-01616
,6267,A-000000-01615
,6268,A-000000-01614
,6269,A-000000-01613
,6270,A-000000-01612
,6271,A-000000-01611
,6272,A-000000-01610
,6273,A-000000-01609
,6274,A-000000-01608
,6275,A-000000-01607
,6276,A-000000-01606
,6277,A-000000-01605
,6278,A-000000-01604
,6279,A-000000-01603
,6280,A-000000-01602
,6281,A-000000-01601
,6282,A-000000-01600
,6283,A-000000-01599
,6284,A-000000-01598
,6285,A-000000-01597
,6286,A-000000-01596
,6287,A-000000-01595
,6288,A-000000-01594
,6289,A-000000-01593
,6290,A-000000-01592
,6291,A-000000-01591
,6292,A-000000-01590
,6293,A-000000-01589
,6294,A-000000-01587
,6295,A-000000-01583
,6296,A-000000-01582
,6297,A-000000-01581
,6298,A-000000-01580
,6299,A-000000-01579
,6300,A-000000-01578
,6301,A-000000-01577
,6302,A-000000-01576
,6303,A-000000-01575
,6304,A-000000-01574
,6305,A-000000-01573
,6306,A-000000-01572
,6307,A-000000-01571
,6308,A-000000-01570
,6309,A-000000-01566
,6310,A-000000-01563
,6311,A-000000-01560
,6312,A-000000-01559
,6313,A-000000-01558
,6314,A-000000-01557
,6315,A-000000-01556
,6316,A-000000-01555
,6317,A-000000-01554
,6318,A-000000-01553
,6319,A-000000-01550
,6320,A-000000-01549
,6321,A-000000-01542
,6322,A-000000-01541
,6323,A-000000-01520
,6324,A-000000-01519
,6325,A-000000-01518
,6326,A-000000-01517
,6327,A-000000-01516
,6328,A-000000-01515
,6329,A-000000-01514
,6330,A-000000-01513
,6331,A-000000-01512
,6332,A-000000-01510
,6333,A-000000-01509
,6334,A-000000-01508
,6335,A-000000-01507
,6336,A-000000-01506
,6337,A-000000-01493
,6338,A-000000-01489
,6339,A-000000-01488
,6340,A-000000-01487
,6341,A-000000-01486
,6342,A-000000-01485
,6343,A-000000-01484
,6344,A-000000-01483
,6345,A-000000-01482
,6346,A-000000-01481
,6347,A-000000-01480
,6348,A-000000-01479
,6349,A-000000-01478
,6350,A-000000-01477
,6351,A-000000-01476
,6352,A-000000-01475
,6353,A-000000-01474
,6354,A-000000-01473
,6355,A-000000-01472
,6356,A-000000-01471
,6357,A-000000-01470
,6358,A-000000-01469
,6359,A-000000-01468
,6360,A-000000-01467
,6361,A-000000-01466
,6362,A-000000-01465
,6363,A-000000-01464
,6364,A-000000-01454
,6365,A-000000-01453
,6366,A-000000-01452
,6367,A-000000-01451
,6368,A-000000-01450
,6369,A-000000-01449
,6370,A-000000-01448
,6371,A-000000-01447
,6372,A-000000-01446
,6373,A-000000-01445
,6374,A-000000-01444
,6375,A-000000-01443
,6376,A-000000-01442
,6377,A-000000-01441
,6378,A-000000-01440
,6379,A-000000-01439
,6380,A-000000-01438
,6381,A-000000-01437
,6382,A-000000-01436
,6383,A-000000-01435
,6384,A-000000-01434
,6385,A-000000-01433
,6386,A-000000-01432
,6387,A-000000-01431
,6388,A-000000-01430
,6389,A-000000-01429
,6390,A-000000-01428
,6391,A-000000-01427
,6392,A-000000-01426
,6393,A-000000-01425
,6394,A-000000-01424
,6395,A-000000-01423
,6396,A-000000-01422
,6397,A-000000-01421
,6398,A-000000-01420
,6399,A-000000-01419
,6400,A-000000-01418
,6401,A-000000-01417
,6402,A-000000-01416
,6403,A-000000-01415
,6404,A-000000-01414
,6405,A-000000-01413
,6406,A-000000-01412
,6407,A-000000-01411
,6408,A-000000-01410
,6409,A-000000-01409
,6410,A-000000-01408
,6411,A-000000-01407
,6412,A-000000-01406
,6413,A-000000-01405
,6414,A-000000-01404
,6415,A-000000-01403
,6416,A-000000-01402
,6417,A-000000-01401
,6418,A-000000-01400
,6419,A-000000-01399
,6420,A-000000-01398
,6421,A-000000-01397
,6422,A-000000-01396
,6423,A-000000-01395
,6424,A-000000-01394
,6425,A-000000-01393
,6426,A-000000-01392
,6427,A-000000-01391
,6428,A-000000-01388
,6429,A-000000-01387
,6430,A-000000-01386
,6431,A-000000-01385
,6432,A-000000-01384
,6433,A-000000-01383
,6434,A-000000-01382
,6435,A-000000-01381
,6436,A-000000-01380
,6437,A-000000-01377
,6438,A-000000-01376
,6439,A-000000-01375
,6440,A-000000-01374
,6441,A-000000-01373
,6442,A-000000-01369
,6443,A-000000-01368
,6444,A-000000-01367
,6445,A-000000-01363
,6446,A-000000-01362
,6447,A-000000-01361
,6448,A-000000-01359
,6449,A-000000-01358
,6450,A-000000-01357
,6451,A-000000-01355
,6452,A-000000-01354
,6453,A-000000-01353
,6454,A-000000-01352
,6455,A-000000-01351
,6456,A-000000-01350
,6457,A-000000-01349
,6458,A-000000-01348
,6459,A-000000-01347
,6460,A-000000-01346
,6461,A-000000-01345
,6462,A-000000-01344
,6463,A-000000-01343
,6464,A-000000-01342
,6465,A-000000-01341
,6466,A-000000-01340
,6467,A-000000-01339
,6468,A-000000-01338
,6469,A-000000-01337
,6470,A-000000-01336
,6471,A-000000-01335
,6472,A-000000-01334
,6473,A-000000-01333
,6474,A-000000-01332
,6475,A-000000-01328
,6476,A-000000-01327
,6477,A-000000-01326
,6478,A-000000-01325
,6479,A-000000-01324
,6480,A-000000-01323
,6481,A-000000-01318
,6482,A-000000-01298
,6483,A-000000-01297
,6484,A-000000-01296
,6485,A-000000-01291
,6486,A-000000-01287
,6487,A-000000-01286
,6488,A-000000-01285
,6489,A-000000-01284
,6490,A-000000-01283
,6491,A-000000-01282
,6492,A-000000-01281
,6493,A-000000-01279
,6494,A-000000-01278
,6495,A-000000-01277
,6496,A-000000-01276
,6497,A-000000-01275
,6498,A-000000-01274
,6499,A-000000-01273
,6500,A-000000-01272
,6501,A-000000-01271
,6502,A-000000-01270
,6503,A-000000-01269
,6504,A-000000-01268
,6505,A-000000-01267
,6506,A-000000-01266
,6507,A-000000-01265
,6508,A-000000-01264
,6509,A-000000-01263
,6510,A-000000-01262
,6511,A-000000-01261
,6512,A-000000-01260
,6513,A-000000-01259
,6514,A-000000-01258
,6515,A-000000-01257
,6516,A-000000-01256
,6517,A-000000-01255
,6518,A-000000-01254
,6519,A-000000-01253
,6520,A-000000-01252
,6521,A-000000-01251
,6522,A-000000-01250
,6523,A-000000-01249
,6524,A-000000-01248
,6525,A-000000-01247
,6526,A-000000-01241
,6527,A-000000-01240
,6528,A-000000-01239
,6529,A-000000-01238
,6530,A-000000-01237
,6531,A-000000-01236
,6532,A-000000-01235
,6533,A-000000-01234
,6534,A-000000-01233
,6535,A-000000-01232
,6536,A-000000-01231
,6537,A-000000-01230
,6538,A-000000-01229
,6539,A-000000-01228
,6540,A-000000-01227
,6541,A-000000-01226
,6542,A-000000-01225
,6543,A-000000-01224
,6544,A-000000-01223
,6545,A-000000-01222
,6546,A-000000-01221
,6547,A-000000-01220
,6548,A-000000-01219
,6549,A-000000-01218
,6550,A-000000-01217
,6551,A-000000-01216
,6552,A-000000-01215
,6553,A-000000-01214
,6554,A-000000-01213
,6555,A-000000-01212
,6556,A-000000-01211
,6557,A-000000-01210
,6558,A-000000-01209
,6559,A-000000-01208
,6560,A-000000-01207
,6561,A-000000-01203
,6562,A-000000-01202
,6563,A-000000-01201
,6564,A-000000-01200
,6565,A-000000-01199
,6566,A-000000-01198
,6567,A-000000-01197
,6568,A-000000-01196
,6569,A-000000-01195
,6570,A-000000-01194
,6571,A-000000-01193
,6572,A-000000-01192
,6573,A-000000-01191
,6574,A-000000-01190
,6575,A-000000-01189
,6576,A-000000-01188
,6577,A-000000-01187
,6578,A-000000-01186
,6579,A-000000-01185
,6580,A-000000-01103
,6581,A-000000-01102
,6582,A-000000-01101
,6583,A-000000-01100
,6584,A-000000-01099
,6585,A-000000-01098
,6586,A-000000-01097
,6587,A-000000-01096
,6588,A-000000-01095
,6589,A-000000-01094
,6590,A-000000-01093
,6591,A-000000-01092
,6592,A-000000-01091
,6593,A-000000-01090
,6594,A-000000-01089
,6595,A-000000-01088
,6596,A-000000-01087
,6597,A-000000-01086
,6598,A-000000-01085
,6599,A-000000-01084
,6600,A-000000-01083
,6601,A-000000-01082
,6602,A-000000-01081
,6603,A-000000-01080
,6604,A-000000-01079
,6605,A-000000-01078
,6606,A-000000-01077
,6607,A-000000-01076
,6608,A-000000-01075
,6609,A-000000-01074
,6610,A-000000-01073
,6611,A-000000-01072
,6612,A-000000-01071
,6613,A-000000-01070
,6614,A-000000-01069
,6615,A-000000-01068
,6616,A-000000-01067
,6617,A-000000-01066
,6618,A-000000-01065
,6619,A-000000-01064
,6620,A-000000-01063
,6621,A-000000-01062
,6622,A-000000-01061
,6623,A-000000-01060
,6624,A-000000-01059
,6625,A-000000-01058
,6626,A-000000-01057
,6627,A-000000-01056
,6628,A-000000-01055
,6629,A-000000-01054
,6630,A-000000-01053
,6631,A-000000-00529
,6632,A-000000-00526
,6633,A-000000-00522
,6634,A-000000-00521
,6635,A-000000-00520
,6636,A-000000-00519
,6637,A-000000-00518
,6638,A-000000-00517
,6639,A-000000-00516
,6640,A-000000-00515
,6641,A-000000-00390
,6642,A-000000-00389
,6643,A-000000-00388
,6644,A-000000-00387
,6645,A-000000-00386
,6646,A-000000-00385
,6647,A-000000-00384
,6648,A-000000-00383
,6649,A-000000-00382
,6650,A-000000-00381
,6651,A-000000-00380
,6652,A-000000-00379
,6653,A-000000-00378
,6654,A-000000-00377
,6655,A-000000-00376
,6656,A-000000-00375
,6657,A-000000-00374
,6658,A-000000-00373
,6659,A-000000-00372
,6660,A-000000-00371
,6661,A-000000-00370
,6662,A-000000-00369
,6663,A-000000-00368
,6664,A-000000-00367
,6665,A-000000-00366
,6666,A-000000-00365
,6667,A-000000-00364
,6668,A-000000-00362
,6669,A-000000-00361
,6670,A-000000-00360
,6671,A-000000-00359
,6672,A-000000-00358
,6673,A-000000-00357
,6674,A-000000-00356
,6675,A-000000-00355
,6676,A-000000-00354
,6677,A-000000-00353
,6678,A-000000-00352
,6679,A-000000-00351
,6680,A-000000-00350
,6681,A-000000-00349
,6682,A-000000-00348
,6683,A-000000-00347
,6684,A-000000-00346
,6685,A-000000-00343
,6686,A-000000-00340
,6687,A-000000-00311
,6688,A-000000-00293
,6689,A-000000-00287
,6690,A-000000-00286
,6691,A-000000-00285
,6692,A-000000-00284
,6693,A-000000-00280
,6694,A-000000-00278
,6695,A-000000-00277
,6696,A-000000-00273
,6697,A-000000-00272
,6698,A-000000-00271
,6699,A-000000-00270
,6700,A-000000-00269
,6701,A-000000-00268
,6702,A-000000-00267
,6703,A-000000-00266
,6704,A-000000-00265
,6705,A-000000-00264
,6706,A-000000-00263
,6707,A-000000-00262
,6708,A-000000-00261
,6709,A-000000-00260
,6710,A-000000-00259
,6711,A-000000-00258
,6712,A-000000-00257
,6713,A-000000-00256
,6714,A-000000-00255
,6715,A-000000-00254
,6716,A-000000-00253
,6717,A-000000-00252
,6718,A-000000-00251
,6719,A-000000-00250
,6720,A-000000-00249
,6721,A-000000-00248
,6722,A-000000-00247
,6723,A-000000-00246
,6724,A-000000-00245
,6725,A-000000-00237
,6726,A-000000-00236
,6727,A-000000-00235
,6728,A-000000-00234
,6729,A-000000-00233
,6730,A-000000-00232
,6731,A-000000-00231
,6732,A-000000-00230
,6733,A-000000-00229
,6734,A-000000-00228
,6735,A-000000-00227
,6736,A-000000-00226
,6737,A-000000-00225
,6738,A-000000-00224
,6739,A-000000-00223
,6740,A-000000-00222
,6741,A-000000-00221
,6742,A-000000-00220
,6743,A-000000-00219
,6744,A-000000-00218
,6745,A-000000-00217
,6746,A-000000-00214
,6747,A-000000-00213
,6748,A-000000-00212
,6749,A-000000-00211
,6750,A-000000-00210
,6751,A-000000-00209
,6752,A-000000-00208
,6753,A-000000-00207
,6754,A-000000-00206
,6755,A-000000-00203
,6756,A-000000-00202
,6757,A-000000-00201
,6758,A-000000-00200
,6759,A-000000-00199
,6760,A-000000-00198
,6761,A-000000-00197
,6762,A-000000-00196
,6763,A-000000-00195
,6764,A-000000-00193
,6765,A-000000-00192
,6766,A-000000-00191
,6767,A-000000-00190
,6768,A-000000-00189
,6769,A-000000-00188
,6770,A-000000-00187
,6771,A-000000-00186
,6772,A-000000-00184
,6773,A-000000-00183
,6774,A-000000-00182
,6775,A-000000-00181
,6776,A-000000-00180
,6777,A-000000-00177
,6778,A-000000-00176
,6779,A-000000-00175
,6780,A-000000-00173
,6781,A-000000-00167
,6782,A-000000-00166
,6783,A-000000-00164
,6784,A-000000-00162
,6785,A-000000-00160
,6786,A-000000-00156
,6787,A-000000-00154
,6788,A-000000-00153
,6789,A-000000-00150
,6790,A-000000-00138
,6791,A-000000-00137
,6792,A-000000-00136
,6793,A-000000-00135
,6794,A-000000-00134
,6795,A-000000-00133
,6796,A-000000-00132
,6797,A-000000-00131
,6798,A-000000-00130
,6799,A-000000-00129
,6800,A-000000-00128
,6801,A-000000-00127
,6802,A-000000-00121
,6803,A-000000-00120
,6804,A-000000-00116
,6805,A-000000-00114
,6806,A-000000-00113
,6807,A-000000-00112
,6808,A-000000-00111
,6809,A-000000-00110
,6810,A-000000-00109
,6811,A-000000-00108
,6812,A-000000-00107
,6813,A-000000-00106
,6814,A-000000-00105
,6815,A-000000-00104
,6816,A-000000-00103
,6817,A-000000-00102
,6818,A-000000-00101
,6819,A-000000-00100
,6820,A-000000-00099
,6821,A-000000-00098
,6822,A-000000-00097
,6823,A-000000-00096
,6824,A-000000-00095
,6825,A-000000-00094
,6826,A-000000-00093
,6827,A-000000-00092
,6828,A-000000-00091
,6829,A-000000-00090
,6830,A-000000-00089
,6831,A-000000-00088
,6832,A-000000-00087
,6833,A-000000-00086
,6834,A-000000-00085
,6835,A-000000-00084
,6836,A-000000-00083
,6837,A-000000-00082
,6838,A-000000-00081
,6839,A-000000-00080
,6840,A-000000-00079
,6841,A-000000-00078
,6842,A-000000-00077
,6843,A-000000-00076
,6844,A-000000-00075
,6845,A-000000-00074
,6846,A-000000-00070
,6847,A-000000-00069
,6848,A-000000-00068
,6849,A-000000-00067
,6850,A-000000-00026
,6851,A-000000-00009
,6852,A-000000-00005
,9572,9sansfrais
,9574,appareillage
,9575,suivi
,9576,A-000000-00005
,9578,A-000000-00005
,9579,A-000000-00005
,9636,A-000000-01406
,9652,A-000000-00001
,9653,A-000000-00002
,9654,A-000000-01771
,9656,A-000000-02279
,9657,A-000000-02280
,9658,A-000000-02281
,9659,A-000000-02349
,9660,A-000000-02351
,9661,A-000000-02352
,9662,A-000000-02348
,9677,A-000000-00010
,9695,A-000000-00006
,9696,A-000000-00007
,9697,A-000000-00008
,9699,A-000000-00011
,9700,A-000000-00012
,9701,A-000000-00013
,9702,A-000000-00014
,9703,A-000000-00015
,9704,A-000000-00016
,9706,A-000000-00017
,9707,A-000000-00018
,9708,A-000000-00019
,9709,A-000000-00020
,9710,A-000000-00021
,9711,A-000000-00022
,9712,A-000000-00023
,9713,A-000000-00024
,9715,A-000000-00025
,9717,A-000000-00027
,9718,A-000000-00028
,9719,A-000000-00029
,9720,A-000000-00030
,9722,A-000000-00031
,9723,A-000000-00032
,9724,A-000000-00033
,9726,A-000000-00034
,9727,A-000000-00035
,9729,A-000000-00036
,9730,A-000000-00037
,9731,A-000000-00038
,9732,A-000000-00039
,9733,A-000000-00040
,9734,A-000000-00041
,9735,A-000000-00042
,9736,A-000000-00043
,9737,A-000000-00044
,9738,A-000000-00045
,9739,A-000000-00046
,9740,A-000000-00047
,9741,A-000000-00048
,9742,A-000000-00049
,9743,A-000000-00050
,9744,A-000000-00051
,9745,A-000000-00052
,9746,A-000000-00053
,9747,A-000000-00054
,9748,A-000000-00055
,9749,A-000000-00056
,9750,A-000000-00057
,9751,A-000000-00058
,9752,A-000000-00059
,9753,A-000000-00060
,9754,A-000000-00061
,9755,A-000000-00062
,9757,A-000000-00063
,9758,A-000000-00064
,9759,A-000000-00065
,9760,A-000000-00066
,9761,A-000000-00071
,9762,A-000000-00072
,9763,A-000000-00073
,9765,A-000000-00115
,9767,A-000000-00117
,9769,A-000000-00118
,9770,A-000000-00122
,9772,A-000000-00123
,9774,A-000000-00124
,9776,A-000000-00125
,9778,A-000000-00126
,9779,A-000000-00139
,9780,A-000000-00140
,9781,A-000000-00141
,9782,A-000000-00142
,9783,A-000000-00143
,9784,A-000000-00144
,9785,A-000000-00145
,9786,A-000000-00146
,9787,A-000000-00147
,9788,A-000000-00148
,9790,A-000000-00149
,9791,A-000000-00151
,9792,A-000000-00152
,9793,A-000000-00155
,9794,A-000000-00157
,9795,A-000000-00158
,9796,A-000000-00159
,9797,A-000000-00161
,9798,A-000000-00163
,9800,A-000000-00165
,9801,A-000000-00168
,9802,A-000000-00169
,9803,A-000000-00170
,9804,A-000000-00171
,9805,A-000000-00172
,9806,A-000000-00174
,9807,A-000000-00178
,9808,A-000000-00179
,9809,A-000000-00185
,9810,A-000000-00194
,9812,A-000000-00204
,9813,A-000000-00205
,9814,A-000000-00215
,9815,A-000000-00216
,9816,A-000000-00238
,9817,A-000000-00239
,9818,A-000000-00240
,9819,A-000000-00241
,9820,A-000000-00242
,9821,A-000000-00243
,9822,A-000000-00244
,9823,A-000000-00274
,9824,A-000000-00275
,9825,A-000000-00276
,9826,A-000000-00279
,9828,A-000000-00281
,9829,A-000000-00282
,9830,A-000000-00283
,9831,A-000000-00288
,9832,A-000000-00289
,9834,A-000000-00290
,9836,A-000000-00291
,9837,A-000000-00292
,9838,A-000000-00294
,9839,A-000000-00295
,9840,A-000000-00296
,9841,A-000000-00297
,9842,A-000000-00298
,9843,A-000000-00299
,9844,A-000000-00300
,9845,A-000000-00301
,9846,A-000000-00302
,9847,A-000000-00303
,9848,A-000000-00304
,9849,A-000000-00305
,9850,A-000000-00306
,9851,A-000000-00307
,9852,A-000000-00308
,9853,A-000000-00309
,9854,A-000000-00310
,9855,A-000000-00312
,9856,A-000000-00313
,9857,A-000000-00314
,9858,A-000000-00315
,9859,A-000000-00316
,9861,A-000000-00317
,9862,A-000000-00318
,9863,A-000000-00319
,9864,A-000000-00320
,9865,A-000000-00321
,9866,A-000000-00322
,9867,A-000000-00323
,9868,A-000000-00324
,9869,A-000000-00325
,9870,A-000000-00326
,9871,A-000000-00327
,9872,A-000000-00328
,9873,A-000000-00329
,9874,A-000000-00330
,9875,A-000000-00331
,9876,A-000000-00332
,9877,A-000000-00333
,9878,A-000000-00334
,9879,A-000000-00335
,9880,A-000000-00336
,9881,A-000000-00337
,9882,A-000000-00338
,9883,A-000000-00339
,9884,A-000000-00341
,9885,A-000000-00342
,9886,A-000000-00344
,9888,A-000000-00345
,9889,A-000000-00363
,9890,A-000000-00391
,9892,A-000000-00392
,9893,A-000000-00393
,9894,A-000000-00394
,9895,A-000000-00395
,9896,A-000000-00396
,9897,A-000000-00397
,9898,A-000000-00398
,9899,A-000000-00399
,9900,A-000000-00400
,9901,A-000000-00401
,9902,A-000000-00402
,9903,A-000000-00403
,9904,A-000000-00404
,9906,A-000000-00405
,9908,A-000000-00406
,9909,A-000000-00407
,9910,A-000000-00408
,9912,A-000000-00409
,9913,A-000000-00410
,9914,A-000000-00411
,9915,A-000000-00412
,9916,A-000000-00413
,9917,A-000000-00414
,9918,A-000000-00415
,9919,A-000000-00416
,9920,A-000000-00417
,9921,A-000000-00418
,9922,A-000000-00419
,9923,A-000000-00420
,9924,A-000000-00421
,9925,A-000000-00422
,9926,A-000000-00423
,9927,A-000000-00424
,9928,A-000000-00425
,9929,A-000000-00426
,9930,A-000000-00427
,9931,A-000000-00428
,9932,A-000000-00429
,9933,A-000000-00430
,9934,A-000000-00431
,9935,A-000000-00432
,9936,A-000000-00433
,9937,A-000000-00434
,9938,A-000000-00435
,9939,A-000000-00436
,9940,A-000000-00437
,9941,A-000000-00438
,9942,A-000000-00439
,9943,A-000000-00440
,9944,A-000000-00441
,9945,A-000000-00442
,9946,A-000000-00443
,9947,A-000000-00444
,9948,A-000000-00445
,9949,A-000000-00446
,9950,A-000000-00447
,9951,A-000000-00448
,9952,A-000000-00449
,9953,A-000000-00450
,9954,A-000000-00451
,9955,A-000000-00452
,9956,A-000000-00453
,9957,A-000000-00454
,9958,A-000000-00455
,9959,A-000000-00456
,9960,A-000000-00457
,9961,A-000000-00458
,9962,A-000000-00459
,9963,A-000000-00460
,9964,A-000000-00461
,9965,A-000000-00462
,9966,A-000000-00463
,9967,A-000000-00464
,9968,A-000000-00465
,9969,A-000000-00466
,9970,A-000000-00467
,9971,A-000000-00468
,9972,A-000000-00469
,9973,A-000000-00470
,9974,A-000000-00471
,9975,A-000000-00472
,9976,A-000000-00473
,9977,A-000000-00474
,9978,A-000000-00475
,9979,A-000000-00476
,9980,A-000000-00477
,9981,A-000000-00478
,9982,A-000000-00479
,9983,A-000000-00480
,9984,A-000000-00481
,9985,A-000000-00482
,9986,A-000000-00483
,9987,A-000000-00484
,9988,A-000000-00485
,9989,A-000000-00486
,9990,A-000000-00487
,9991,A-000000-00488
,9992,A-000000-00489
,9993,A-000000-00490
,9994,A-000000-00491
,9995,A-000000-00492
,9996,A-000000-00493
,9997,A-000000-00494
,9998,A-000000-00495
,9999,A-000000-00496
,10000,A-000000-00497
,10001,A-000000-00498
,10002,A-000000-00499
,10003,A-000000-00500
,10004,A-000000-00501
,10005,A-000000-00502
,10006,A-000000-00503
,10007,A-000000-00504
,10008,A-000000-00505
,10009,A-000000-00506
,10010,A-000000-00507
,10011,A-000000-00508
,10012,A-000000-00509
,10013,A-000000-00510
,10014,A-000000-00511
,10015,A-000000-00512
,10016,A-000000-00513
,10017,A-000000-00514
,10018,A-000000-00523
,10019,A-000000-00524
,10020,A-000000-00525
,10021,A-000000-00527
,10022,A-000000-00528
,10023,A-000000-00530
,10024,A-000000-00531
,10025,A-000000-00532
,10026,A-000000-00533
,10027,A-000000-00534
,10028,A-000000-00535
,10029,A-000000-00536
,10030,A-000000-00537
,10031,A-000000-00538
,10032,A-000000-00539
,10033,A-000000-00540
,10034,A-000000-00541
,10035,A-000000-00542
,10036,A-000000-00543
,10037,A-000000-00544
,10038,A-000000-00545
,10039,A-000000-00546
,10040,A-000000-00547
,10041,A-000000-00548
,10042,A-000000-00549
,10043,A-000000-00550
,10044,A-000000-00551
,10045,A-000000-00552
,10046,A-000000-00553
,10047,A-000000-00554
,10048,A-000000-00555
,10049,A-000000-00556
,10050,A-000000-00557
,10051,A-000000-00558
,10052,A-000000-00559
,10053,A-000000-00560
,10054,A-000000-00561
,10055,A-000000-00562
,10056,A-000000-00563
,10057,A-000000-00564
,10058,A-000000-00565
,10059,A-000000-00566
,10060,A-000000-00567
,10061,A-000000-00568
,10062,A-000000-00569
,10063,A-000000-00570
,10064,A-000000-00571
,10065,A-000000-00572
,10066,A-000000-00573
,10067,A-000000-00574
,10068,A-000000-00575
,10069,A-000000-00576
,10070,A-000000-00577
,10071,A-000000-00578
,10072,A-000000-00579
,10073,A-000000-00580
,10074,A-000000-00581
,10075,A-000000-00582
,10076,A-000000-00583
,10077,A-000000-00584
,10078,A-000000-00585
,10079,A-000000-00586
,10080,A-000000-00587
,10081,A-000000-00588
,10082,A-000000-00589
,10083,A-000000-00590
,10084,A-000000-00591
,10085,A-000000-00592
,10086,A-000000-00593
,10087,A-000000-00594
,10088,A-000000-00595
,10089,A-000000-00596
,10090,A-000000-00597
,10091,A-000000-00598
,10092,A-000000-00599
,10093,A-000000-00600
,10094,A-000000-00601
,10095,A-000000-00602
,10096,A-000000-00603
,10097,A-000000-00604
,10098,A-000000-00605
,10099,A-000000-00606
,10100,A-000000-00607
,10101,A-000000-00608
,10102,A-000000-00609
,10103,A-000000-00610
,10104,A-000000-00611
,10105,A-000000-00612
,10106,A-000000-00613
,10107,A-000000-00614
,10108,A-000000-00615
,10109,A-000000-00616
,10110,A-000000-00617
,10111,A-000000-00618
,10112,A-000000-00619
,10113,A-000000-00620
,10114,A-000000-00621
,10115,A-000000-00622
,10116,A-000000-00623
,10117,A-000000-00624
,10118,A-000000-00625
,10119,A-000000-00626
,10120,A-000000-00627
,10121,A-000000-00628
,10122,A-000000-00629
,10123,A-000000-00630
,10124,A-000000-00631
,10125,A-000000-00632
,10126,A-000000-00633
,10127,A-000000-00634
,10128,A-000000-00635
,10129,A-000000-00636
,10130,A-000000-00637
,10131,A-000000-00638
,10132,A-000000-00639
,10133,A-000000-00640
,10134,A-000000-00641
,10135,A-000000-00642
,10136,A-000000-00643
,10137,A-000000-00644
,10138,A-000000-00645
,10139,A-000000-00646
,10140,A-000000-00647
,10141,A-000000-00648
,10142,A-000000-00649
,10143,A-000000-00650
,10144,A-000000-00651
,10145,A-000000-00652
,10146,A-000000-00653
,10147,A-000000-00654
,10148,A-000000-00655
,10149,A-000000-00656
,10150,A-000000-00657
,10151,A-000000-00658
,10152,A-000000-00659
,10153,A-000000-00660
,10154,A-000000-00661
,10155,A-000000-00662
,10156,A-000000-00663
,10157,A-000000-00664
,10158,A-000000-00665
,10159,A-000000-00666
,10160,A-000000-00667
,10161,A-000000-00668
,10162,A-000000-00669
,10163,A-000000-00670
,10164,A-000000-00671
,10165,A-000000-00672
,10166,A-000000-00673
,10167,A-000000-00674
,10168,A-000000-00675
,10169,A-000000-00676
,10170,A-000000-00677
,10171,A-000000-00678
,10172,A-000000-00679
,10173,A-000000-00680
,10174,A-000000-00681
,10175,A-000000-00682
,10176,A-000000-00683
,10177,A-000000-00684
,10178,A-000000-00685
,10179,A-000000-00686
,10180,A-000000-00687
,10181,A-000000-00688
,10182,A-000000-00689
,10183,A-000000-00690
,10184,A-000000-00691
,10185,A-000000-00692
,10186,A-000000-00693
,10187,A-000000-00694
,10188,A-000000-00695
,10189,A-000000-00696
,10190,A-000000-00697
,10191,A-000000-00698
,10192,A-000000-00699
,10193,A-000000-00700
,10194,A-000000-00701
,10195,A-000000-00702
,10196,A-000000-00703
,10197,A-000000-00704
,10198,A-000000-00705
,10199,A-000000-00706
,10200,A-000000-00707
,10201,A-000000-00708
,10202,A-000000-00709
,10203,A-000000-00710
,10204,A-000000-00711
,10205,A-000000-00712
,10206,A-000000-00713
,10207,A-000000-00714
,10208,A-000000-00715
,10209,A-000000-00716
,10210,A-000000-00717
,10211,A-000000-00718
,10212,A-000000-00719
,10213,A-000000-00720
,10214,A-000000-00721
,10215,A-000000-00722
,10216,A-000000-00723
,10217,A-000000-00724
,10218,A-000000-00725
,10219,A-000000-00726
,10220,A-000000-00727
,10221,A-000000-00728
,10222,A-000000-00729
,10223,A-000000-00730
,10224,A-000000-00731
,10225,A-000000-00732
,10226,A-000000-00733
,10227,A-000000-00734
,10228,A-000000-00735
,10229,A-000000-00736
,10230,A-000000-00737
,10231,A-000000-00738
,10232,A-000000-00739
,10233,A-000000-00740
,10234,A-000000-00741
,10235,A-000000-00742
,10236,A-000000-00743
,10237,A-000000-00744
,10238,A-000000-00745
,10239,A-000000-00746
,10240,A-000000-00747
,10241,A-000000-00748
,10242,A-000000-00749
,10243,A-000000-00750
,10244,A-000000-00751
,10245,A-000000-00752
,10246,A-000000-00753
,10247,A-000000-00754
,10248,A-000000-00755
,10249,A-000000-00756
,10250,A-000000-00757
,10251,A-000000-00758
,10252,A-000000-00759
,10253,A-000000-00760
,10254,A-000000-00761
,10255,A-000000-00762
,10256,A-000000-00763
,10257,A-000000-00764
,10258,A-000000-00765
,10259,A-000000-00766
,10260,A-000000-00767
,10261,A-000000-00768
,10262,A-000000-00769
,10263,A-000000-00770
,10264,A-000000-00771
,10265,A-000000-00772
,10266,A-000000-00773
,10267,A-000000-00774
,10268,A-000000-00775
,10269,A-000000-00776
,10270,A-000000-00777
,10271,A-000000-00778
,10272,A-000000-00779
,10273,A-000000-00780
,10274,A-000000-00781
,10275,A-000000-00782
,10276,A-000000-00783
,10277,A-000000-00784
,10278,A-000000-00785
,10279,A-000000-00786
,10280,A-000000-00787
,10281,A-000000-00788
,10282,A-000000-00789
,10283,A-000000-00790
,10284,A-000000-00791
,10285,A-000000-00792
,10286,A-000000-00793
,10287,A-000000-00794
,10288,A-000000-00795
,10289,A-000000-00796
,10290,A-000000-00797
,10291,A-000000-00798
,10292,A-000000-00799
,10293,A-000000-00800
,10294,A-000000-00801
,10295,A-000000-00802
,10297,A-000000-00803
,10299,A-000000-00804
,10301,A-000000-00805
,10302,A-000000-00806
,10303,A-000000-00807
,10304,A-000000-00808
,10305,A-000000-00809
,10307,A-000000-00810
,10309,A-000000-00811
,10311,A-000000-00812
,10312,A-000000-00813
,10313,A-000000-00814
,10314,A-000000-00815
,10315,A-000000-00816
,10316,A-000000-00817
,10317,A-000000-00818
,10318,A-000000-00819
,10319,A-000000-00820
,10320,A-000000-00821
,10321,A-000000-00822
,10322,A-000000-00823
,10323,A-000000-00824
,10324,A-000000-00825
,10325,A-000000-00826
,10326,A-000000-00827
,10327,A-000000-00828
,10328,A-000000-00829
,10329,A-000000-00830
,10330,A-000000-00831
,10331,A-000000-00832
,10332,A-000000-00833
,10333,A-000000-00834
,10334,A-000000-00835
,10335,A-000000-00836
,10336,A-000000-00837
,10337,A-000000-00838
,10338,A-000000-00839
,10339,A-000000-00840
,10340,A-000000-00841
,10341,A-000000-00842
,10342,A-000000-00843
,10343,A-000000-00844
,10344,A-000000-00845
,10345,A-000000-00846
,10346,A-000000-00847
,10347,A-000000-00848
,10348,A-000000-00849
,10349,A-000000-00850
,10350,A-000000-00851
,10351,A-000000-00852
,10352,A-000000-00853
,10353,A-000000-00854
,10354,A-000000-00855
,10355,A-000000-00856
,10356,A-000000-00857
,10357,A-000000-00858
,10358,A-000000-00859
,10359,A-000000-00860
,10360,A-000000-00861
,10361,A-000000-00862
,10362,A-000000-00863
,10363,A-000000-00864
,10364,A-000000-00865
,10365,A-000000-00866
,10366,A-000000-00867
,10367,A-000000-00868
,10368,A-000000-00869
,10369,A-000000-00870
,10370,A-000000-00871
,10371,A-000000-00872
,10372,A-000000-00873
,10373,A-000000-00874
,10374,A-000000-00875
,10375,A-000000-00876
,10376,A-000000-00877
,10377,A-000000-00878
,10378,A-000000-00879
,10379,A-000000-00880
,10380,A-000000-00881
,10381,A-000000-00882
,10382,A-000000-00883
,10383,A-000000-00884
,10384,A-000000-00885
,10385,A-000000-00886
,10386,A-000000-00887
,10387,A-000000-00888
,10388,A-000000-00889
,10389,A-000000-00890
,10390,A-000000-00891
,10391,A-000000-00892
,10392,A-000000-00893
,10393,A-000000-00894
,10394,A-000000-00895
,10395,A-000000-00896
,10396,A-000000-00897
,10397,A-000000-00898
,10398,A-000000-00899
,10399,A-000000-00900
,10400,A-000000-00901
,10401,A-000000-00902
,10402,A-000000-00903
,10403,A-000000-00904
,10404,A-000000-00905
,10405,A-000000-00906
,10406,A-000000-00907
,10407,A-000000-00908
,10408,A-000000-00909
,10410,A-000000-00910
,10412,A-000000-00911
,10413,A-000000-00912
,10414,A-000000-00913
,10415,A-000000-00914
,10416,A-000000-00915
,10417,A-000000-00916
,10418,A-000000-00917
,10419,A-000000-00918
,10420,A-000000-00919
,10421,A-000000-00920
,10422,A-000000-00921
,10423,A-000000-00922
,10424,A-000000-00923
,10425,A-000000-00924
,10426,A-000000-00925
,10427,A-000000-00926
,10428,A-000000-00927
,10429,A-000000-00928
,10430,A-000000-00929
,10431,A-000000-00930
,10432,A-000000-00931
,10433,A-000000-00932
,10434,A-000000-00933
,10435,A-000000-00934
,10436,A-000000-00935
,10437,A-000000-00936
,10438,A-000000-00937
,10439,A-000000-00938
,10440,A-000000-00939
,10441,A-000000-00940
,10442,A-000000-00941
,10443,A-000000-00942
,10444,A-000000-00943
,10445,A-000000-00944
,10446,A-000000-00945
,10447,A-000000-00946
,10448,A-000000-00947
,10449,A-000000-00948
,10450,A-000000-00949
,10451,A-000000-00950
,10452,A-000000-00951
,10453,A-000000-00952
,10454,A-000000-00953
,10455,A-000000-00954
,10457,A-000000-00955
,10459,A-000000-00956
,10461,A-000000-00957
,10462,A-000000-00958
,10463,A-000000-00959
,10464,A-000000-00960
,10465,A-000000-00961
,10466,A-000000-00962
,10467,A-000000-00963
,10468,A-000000-00964
,10469,A-000000-00965
,10470,A-000000-00966
,10471,A-000000-00967
,10472,A-000000-00968
,10474,A-000000-00969
,10475,A-000000-00970
,10476,A-000000-00971
,10477,A-000000-00972
,10478,A-000000-00973
,10479,A-000000-00974
,10480,A-000000-00975
,10481,A-000000-00976
,10482,A-000000-00977
,10483,A-000000-00978
,10484,A-000000-00979
,10485,A-000000-00980
,10486,A-000000-00981
,10487,A-000000-00982
,10488,A-000000-00983
,10490,A-000000-00984
,10491,A-000000-00985
,10492,A-000000-00986
,10493,A-000000-00987
,10495,A-000000-00988
,10496,A-000000-00989
,10497,A-000000-00990
,10498,A-000000-00991
,10499,A-000000-00992
,10500,A-000000-00993
,10501,A-000000-00994
,10502,A-000000-00995
,10503,A-000000-00996
,10504,A-000000-00997
,10505,A-000000-00998
,10506,A-000000-00999
,10507,A-000000-01000
,10508,A-000000-01001
,10509,A-000000-01002
,10510,A-000000-01003
,10511,A-000000-01004
,10512,A-000000-01005
,10513,A-000000-01006
,10514,A-000000-01007
,10515,A-000000-01008
,10516,A-000000-01009
,10517,A-000000-01010
,10518,A-000000-01011
,10519,A-000000-01012
,10520,A-000000-01013
,10521,A-000000-01014
,10522,A-000000-01015
,10523,A-000000-01016
,10524,A-000000-01017
,10525,A-000000-01018
,10526,A-000000-01019
,10527,A-000000-01020
,10528,A-000000-01021
,10529,A-000000-01022
,10531,A-000000-01023
,10532,A-000000-01024
,10534,A-000000-01025
,10535,A-000000-01026
,10536,A-000000-01027
,10537,A-000000-01028
,10538,A-000000-01029
,10539,A-000000-01030
,10540,A-000000-01031
,10541,A-000000-01032
,10542,A-000000-01033
,10543,A-000000-01034
,10544,A-000000-01035
,10545,A-000000-01036
,10546,A-000000-01037
,10547,A-000000-01038
,10548,A-000000-01039
,10549,A-000000-01040
,10550,A-000000-01041
,10551,A-000000-01042
,10552,A-000000-01043
,10553,A-000000-01044
,10554,A-000000-01045
,10555,A-000000-01046
,10556,A-000000-01047
,10557,A-000000-01048
,10558,A-000000-01049
,10559,A-000000-01050
,10560,A-000000-01051
,10561,A-000000-01052
,10562,A-000000-01104
,10564,A-000000-01105
,10566,A-000000-01106
,10568,A-000000-01107
,10570,A-000000-01108
,10572,A-000000-01109
,10574,A-000000-01110
,10575,A-000000-01111
,10577,A-000000-01112
,10579,A-000000-01113
,10581,A-000000-01114
,10583,A-000000-01115
,10585,A-000000-01116
,10587,A-000000-01117
,10589,A-000000-01118
,10591,A-000000-01119
,10592,A-000000-01120
,10593,A-000000-01121
,10594,A-000000-01122
,10595,A-000000-01123
,10597,A-000000-01124
,10599,A-000000-01125
,10600,A-000000-01126
,10601,A-000000-01127
,10602,A-000000-01128
,10603,A-000000-01129
,10604,A-000000-01130
,10605,A-000000-01131
,10606,A-000000-01132
,10607,A-000000-01133
,10608,A-000000-01134
,10609,A-000000-01135
,10610,A-000000-01136
,10611,A-000000-01137
,10612,A-000000-01138
,10613,A-000000-01139
,10614,A-000000-01140
,10615,A-000000-01141
,10616,A-000000-01142
,10617,A-000000-01143
,10618,A-000000-01144
,10619,A-000000-01145
,10620,A-000000-01146
,10621,A-000000-01147
,10622,A-000000-01148
,10623,A-000000-01149
,10624,A-000000-01150
,10625,A-000000-01151
,10626,A-000000-01152
,10627,A-000000-01153
,10628,A-000000-01154
,10629,A-000000-01155
,10630,A-000000-01156
,10631,A-000000-01157
,10632,A-000000-01158
,10633,A-000000-01159
,10634,A-000000-01160
,10635,A-000000-01161
,10636,A-000000-01162
,10638,A-000000-01163
,10639,A-000000-01164
,10640,A-000000-01165
,10641,A-000000-01166
,10642,A-000000-01167
,10643,A-000000-01168
,10644,A-000000-01169
,10645,A-000000-01170
,10646,A-000000-01171
,10647,A-000000-01172
,10648,A-000000-01173
,10649,A-000000-01174
,10650,A-000000-01175
,10651,A-000000-01176
,10652,A-000000-01177
,10653,A-000000-01178
,10654,A-000000-01179
,10655,A-000000-01180
,10657,A-000000-01181
,10658,A-000000-01182
,10659,A-000000-01183
,10660,A-000000-01184
,10661,A-000000-01204
,10662,A-000000-01205
,10663,A-000000-01206
,10664,A-000000-01242
,10666,A-000000-01243
,10668,A-000000-01244
,10670,A-000000-01245
,10672,A-000000-01246
,10674,A-000000-01280
,10676,A-000000-01288
,10677,A-000000-01289
,10678,A-000000-01290
,10679,A-000000-01292
,10681,A-000000-01293
,10682,A-000000-01294
,10683,A-000000-01295
,10684,A-000000-01299
,10685,A-000000-01300
,10686,A-000000-01301
,10687,A-000000-01302
,10688,A-000000-01303
,10689,A-000000-01304
,10691,A-000000-01305
,10693,A-000000-01306
,10695,A-000000-01307
,10697,A-000000-01308
,10699,A-000000-01309
,10701,A-000000-01310
,10703,A-000000-01311
,10705,A-000000-01312
,10707,A-000000-01313
,10708,A-000000-01314
,10710,A-000000-01315
,10712,A-000000-01316
,10714,A-000000-01317
,10716,A-000000-01319
,10717,A-000000-01320
,10718,A-000000-01321
,10719,A-000000-01322
,10721,A-000000-01329
,10722,A-000000-01330
,10723,A-000000-01331
,10724,A-000000-01356
,10726,A-000000-01360
,10727,A-000000-01364
,10729,A-000000-01365
,10731,A-000000-01366
,10733,A-000000-01370
,10735,A-000000-01371
,10736,A-000000-01372
,10737,A-000000-01378
,10739,A-000000-01379
,10741,A-000000-01389
,10743,A-000000-01390
,10745,A-000000-01455
,10747,A-000000-01456
,10748,A-000000-01457
,10750,A-000000-01458
,10752,A-000000-01459
,10754,A-000000-01460
,10756,A-000000-01461
,10758,A-000000-01462
,10759,A-000000-01463
,10760,A-000000-01490
,10762,A-000000-01491
,10764,A-000000-01492
,10766,A-000000-01494
,10768,A-000000-01495
,10770,A-000000-01496
,10772,A-000000-01497
,10773,A-000000-01498
,10775,A-000000-01499
,10777,A-000000-01500
,10778,A-000000-01501
,10780,A-000000-01502
,10782,A-000000-01503
,10784,A-000000-01504
,10785,A-000000-01505
,10787,A-000000-01511
,10789,A-000000-01521
,10790,A-000000-01522
,10792,A-000000-01523
,10794,A-000000-01524
,10796,A-000000-01525
,10798,A-000000-01526
,10800,A-000000-01527
,10802,A-000000-01528
,10804,A-000000-01529
,10806,A-000000-01530
,10808,A-000000-01531
,10810,A-000000-01532
,10812,A-000000-01533
,10814,A-000000-01534
,10816,A-000000-01535
,10818,A-000000-01536
,10820,A-000000-01537
,10822,A-000000-01538
,10823,A-000000-01539
,10825,A-000000-01540
,10827,A-000000-01543
,10829,A-000000-01544
,10831,A-000000-01545
,10833,A-000000-01546
,10835,A-000000-01547
,10837,A-000000-01548
,10839,A-000000-01551
,10841,A-000000-01552
,10843,A-000000-01561
,10844,A-000000-01562
,10845,A-000000-01564
,10847,A-000000-01565
,10848,A-000000-01567
,10850,A-000000-01568
,10852,A-000000-01569
,10854,A-000000-01584
,10856,A-000000-01585
,10858,A-000000-01586
,10859,A-000000-01588
,10860,A-000000-01624
,10862,A-000000-01625
,10864,A-000000-01626
,10865,A-000000-01627
,10867,A-000000-01628
,10869,A-000000-01666
,10871,A-000000-01692
,10873,A-000000-01723
,10875,A-000000-01724
,10877,A-000000-01751
,10878,A-000000-01770
,10880,A-000000-01789
,10881,A-000000-01790
,10883,A-000000-01795
,10885,A-000000-01801
,10886,A-000000-01802
,10887,A-000000-01804
,10889,A-000000-01805
,10891,A-000000-01806
,10893,A-000000-01840
,10894,A-000000-01853
,10895,A-000000-01855
,10897,A-000000-01858
,10899,A-000000-01891
,10900,A-000000-01897
,10902,A-000000-01898
,10904,A-000000-01908
,10906,A-000000-01916
,10908,A-000000-01919
,10910,A-000000-01951
,10912,A-000000-01952
,10914,A-000000-01964
,10916,A-000000-01965
,10918,A-000000-01967
,10920,A-000000-01968
,10922,A-000000-01969
,10924,A-000000-01987
,10926,A-000000-01999
,10928,A-000000-02000
,10930,A-000000-02015
,10932,A-000000-02018
,10934,A-000000-02020
,10936,A-000000-02046
,10938,A-000000-02047
,10940,A-000000-02048
,10942,A-000000-02049
,10944,A-000000-02050
,10946,A-000000-02051
,10948,A-000000-02052
,10949,A-000000-02053
,10951,A-000000-02054
,10953,A-000000-02055
,10955,A-000000-02058
,10957,A-000000-02072
,10959,A-000000-02081
,10960,A-000000-02082
,10961,A-000000-02083
,10962,A-000000-02084
,10964,A-000000-02085
,10965,A-000000-02088
,10966,A-000000-02090
,10967,A-000000-02095
,10968,A-000000-02096
,10969,A-000000-02097
,10970,A-000000-02098
,10971,A-000000-02103
,10972,A-000000-02105
,10973,A-000000-02106
,10975,A-000000-02107
,10977,A-000000-02108
,10978,A-000000-02111
,10980,A-000000-02118
,10981,A-000000-02119
,10982,A-000000-02120
,10983,A-000000-02127
,10984,A-000000-02129
,10986,A-000000-02130
,10988,A-000000-02133
,10990,A-000000-02138
,10992,A-000000-02145
,10994,A-000000-02147
,10996,A-000000-02148
,10998,A-000000-02153
,11000,A-000000-02154
,11002,A-000000-02158
,11004,A-000000-02161
,11005,A-000000-02164
,11007,A-000000-02183
,11008,A-000000-02199
,11010,A-000000-02200
,11012,A-000000-02209
,11014,A-000000-02210
,11016,A-000000-02211
,11017,A-000000-02220
,11018,A-000000-02230
,11019,A-000000-02231
,11021,A-000000-02235
,11022,A-000000-02257
,11023,A-000000-02287
,11025,A-000000-02298
,11027,A-000000-02299
,11028,A-000000-02301
,11030,A-000000-02302
,11032,A-000000-02303
,11034,A-000000-02304
,11036,A-000000-02305
,11038,A-000000-02306
,11040,A-000000-02307
,11042,A-000000-02308
,11044,A-000000-02330
,11045,A-000000-02331
,11046,A-000000-02350
,11049,A-000000-01752
