A-000000-00005;visible
A-000000-00009;visible
A-000000-00026;visible
A-000000-00067;visible
A-000000-00068;visible
A-000000-00069;visible
A-000000-00070;visible
A-000000-00074;visible
A-000000-00075;visible
A-000000-00076;visible
A-000000-00077;visible
A-000000-00078;visible
A-000000-00079;visible
A-000000-00080;visible
A-000000-00081;visible
A-000000-00082;visible
A-000000-00083;visible
A-000000-00084;visible
A-000000-00085;visible
A-000000-00086;visible
A-000000-00087;visible
A-000000-00088;visible
A-000000-00089;visible
A-000000-00090;visible
A-000000-00091;visible
A-000000-00092;visible
A-000000-00093;visible
A-000000-00094;visible
A-000000-00095;visible
A-000000-00096;visible
A-000000-00097;visible
A-000000-00098;visible
A-000000-00099;visible
A-000000-00100;visible
A-000000-00101;visible
A-000000-00102;visible
A-000000-00103;visible
A-000000-00104;visible
A-000000-00105;visible
A-000000-00106;visible
A-000000-00107;visible
A-000000-00108;visible
A-000000-00109;visible
A-000000-00110;visible
A-000000-00111;visible
A-000000-00112;visible
A-000000-00113;visible
A-000000-00114;visible
A-000000-00116;visible
A-000000-00120;visible
A-000000-00121;visible
A-000000-00127;visible
A-000000-00128;visible
A-000000-00129;visible
A-000000-00130;visible
A-000000-00131;visible
A-000000-00132;visible
A-000000-00133;visible
A-000000-00134;visible
A-000000-00135;visible
A-000000-00136;visible
A-000000-00137;visible
A-000000-00138;visible
A-000000-00150;visible
A-000000-00153;visible
A-000000-00154;visible
A-000000-00156;visible
A-000000-00160;visible
A-000000-00162;visible
A-000000-00164;visible
A-000000-00166;visible
A-000000-00167;visible
A-000000-00173;visible
A-000000-00175;visible
A-000000-00176;visible
A-000000-00177;visible
A-000000-00180;visible
A-000000-00181;visible
A-000000-00182;visible
A-000000-00183;visible
A-000000-00184;visible
A-000000-00186;visible
A-000000-00187;visible
A-000000-00188;visible
A-000000-00189;visible
A-000000-00190;visible
A-000000-00191;visible
A-000000-00192;visible
A-000000-00193;visible
A-000000-00195;visible
A-000000-00196;visible
A-000000-00197;visible
A-000000-00198;visible
A-000000-00199;visible
A-000000-00200;visible
A-000000-00201;visible
A-000000-00202;visible
A-000000-00203;visible
A-000000-00206;visible
A-000000-00207;visible
A-000000-00208;visible
A-000000-00209;visible
A-000000-00210;visible
A-000000-00211;visible
A-000000-00212;visible
A-000000-00213;visible
A-000000-00214;visible
A-000000-00217;visible
A-000000-00218;visible
A-000000-00219;visible
A-000000-00220;visible
A-000000-00221;visible
A-000000-00222;visible
A-000000-00223;visible
A-000000-00224;visible
A-000000-00225;visible
A-000000-00226;visible
A-000000-00227;visible
A-000000-00228;visible
A-000000-00229;visible
A-000000-00230;visible
A-000000-00231;visible
A-000000-00232;visible
A-000000-00233;visible
A-000000-00234;visible
A-000000-00235;visible
A-000000-00236;visible
A-000000-00237;visible
A-000000-00245;visible
A-000000-00246;visible
A-000000-00247;visible
A-000000-00248;visible
A-000000-00249;visible
A-000000-00250;visible
A-000000-00251;visible
A-000000-00252;visible
A-000000-00253;visible
A-000000-00254;visible
A-000000-00255;visible
A-000000-00256;visible
A-000000-00257;visible
A-000000-00258;visible
A-000000-00259;visible
A-000000-00260;visible
A-000000-00261;visible
A-000000-00262;visible
A-000000-00263;visible
A-000000-00264;visible
A-000000-00265;visible
A-000000-00266;visible
A-000000-00267;visible
A-000000-00268;visible
A-000000-00269;visible
A-000000-00270;visible
A-000000-00271;visible
A-000000-00272;visible
A-000000-00273;visible
A-000000-00277;visible
A-000000-00278;visible
A-000000-00280;visible
A-000000-00284;visible
A-000000-00285;visible
A-000000-00286;visible
A-000000-00287;visible
A-000000-00293;visible
A-000000-00311;visible
A-000000-00340;visible
A-000000-00343;visible
A-000000-00346;visible
A-000000-00347;visible
A-000000-00348;visible
A-000000-00349;visible
A-000000-00350;visible
A-000000-00351;visible
A-000000-00352;visible
A-000000-00353;visible
A-000000-00354;visible
A-000000-00355;visible
A-000000-00356;visible
A-000000-00357;visible
A-000000-00358;visible
A-000000-00359;visible
A-000000-00360;visible
A-000000-00361;visible
A-000000-00362;visible
A-000000-00364;visible
A-000000-00365;visible
A-000000-00366;visible
A-000000-00367;visible
A-000000-00368;visible
A-000000-00369;visible
A-000000-00370;visible
A-000000-00371;visible
A-000000-00372;visible
A-000000-00373;visible
A-000000-00374;visible
A-000000-00375;visible
A-000000-00376;visible
A-000000-00377;visible
A-000000-00378;visible
A-000000-00379;visible
A-000000-00380;visible
A-000000-00381;visible
A-000000-00382;visible
A-000000-00383;visible
A-000000-00384;visible
A-000000-00385;visible
A-000000-00386;visible
A-000000-00387;visible
A-000000-00388;visible
A-000000-00389;visible
A-000000-00390;visible
A-000000-00515;visible
A-000000-00516;visible
A-000000-00517;visible
A-000000-00518;visible
A-000000-00519;visible
A-000000-00520;visible
A-000000-00521;visible
A-000000-00522;visible
A-000000-00526;visible
A-000000-00529;visible
A-000000-01053;visible
A-000000-01054;visible
A-000000-01055;visible
A-000000-01056;visible
A-000000-01057;visible
A-000000-01058;visible
A-000000-01059;visible
A-000000-01060;visible
A-000000-01061;visible
A-000000-01062;visible
A-000000-01063;visible
A-000000-01064;visible
A-000000-01065;visible
A-000000-01066;visible
A-000000-01067;visible
A-000000-01068;visible
A-000000-01069;visible
A-000000-01070;visible
A-000000-01071;visible
A-000000-01072;visible
A-000000-01073;visible
A-000000-01074;visible
A-000000-01075;visible
A-000000-01076;visible
A-000000-01077;visible
A-000000-01078;visible
A-000000-01079;visible
A-000000-01080;visible
A-000000-01081;visible
A-000000-01082;visible
A-000000-01083;visible
A-000000-01084;visible
A-000000-01085;visible
A-000000-01086;visible
A-000000-01087;visible
A-000000-01088;visible
A-000000-01089;visible
A-000000-01090;visible
A-000000-01091;visible
A-000000-01092;visible
A-000000-01093;visible
A-000000-01094;visible
A-000000-01095;visible
A-000000-01096;visible
A-000000-01097;visible
A-000000-01098;visible
A-000000-01099;visible
A-000000-01100;visible
A-000000-01101;visible
A-000000-01102;visible
A-000000-01103;visible
A-000000-01185;visible
A-000000-01186;visible
A-000000-01187;visible
A-000000-01188;visible
A-000000-01189;visible
A-000000-01190;visible
A-000000-01191;visible
A-000000-01192;visible
A-000000-01193;visible
A-000000-01194;visible
A-000000-01195;visible
A-000000-01196;visible
A-000000-01197;visible
A-000000-01198;visible
A-000000-01199;visible
A-000000-01200;visible
A-000000-01201;visible
A-000000-01202;visible
A-000000-01203;visible
A-000000-01207;visible
A-000000-01208;visible
A-000000-01209;visible
A-000000-01210;visible
A-000000-01211;visible
A-000000-01212;visible
A-000000-01213;visible
A-000000-01214;visible
A-000000-01215;visible
A-000000-01216;visible
A-000000-01217;visible
A-000000-01218;visible
A-000000-01219;visible
A-000000-01220;visible
A-000000-01221;visible
A-000000-01222;visible
A-000000-01223;visible
A-000000-01224;visible
A-000000-01225;visible
A-000000-01226;visible
A-000000-01227;visible
A-000000-01228;visible
A-000000-01229;visible
A-000000-01230;visible
A-000000-01231;visible
A-000000-01232;visible
A-000000-01233;visible
A-000000-01234;visible
A-000000-01235;visible
A-000000-01236;visible
A-000000-01237;visible
A-000000-01238;visible
A-000000-01239;visible
A-000000-01240;visible
A-000000-01241;visible
A-000000-01247;visible
A-000000-01248;visible
A-000000-01249;visible
A-000000-01250;visible
A-000000-01251;visible
A-000000-01252;visible
A-000000-01253;visible
A-000000-01254;visible
A-000000-01255;visible
A-000000-01256;visible
A-000000-01257;visible
A-000000-01258;visible
A-000000-01259;visible
A-000000-01260;visible
A-000000-01261;visible
A-000000-01262;visible
A-000000-01263;visible
A-000000-01264;visible
A-000000-01265;visible
A-000000-01266;visible
A-000000-01267;visible
A-000000-01268;visible
A-000000-01269;visible
A-000000-01270;visible
A-000000-01271;visible
A-000000-01272;visible
A-000000-01273;visible
A-000000-01274;visible
A-000000-01275;visible
A-000000-01276;visible
A-000000-01277;visible
A-000000-01278;visible
A-000000-01279;visible
A-000000-01281;visible
A-000000-01282;visible
A-000000-01283;visible
A-000000-01284;visible
A-000000-01285;visible
A-000000-01286;visible
A-000000-01287;visible
A-000000-01291;visible
A-000000-01296;visible
A-000000-01297;visible
A-000000-01298;visible
A-000000-01318;visible
A-000000-01323;visible
A-000000-01324;visible
A-000000-01325;visible
A-000000-01326;visible
A-000000-01327;visible
A-000000-01328;visible
A-000000-01332;visible
A-000000-01333;visible
A-000000-01334;visible
A-000000-01335;visible
A-000000-01336;visible
A-000000-01337;visible
A-000000-01338;visible
A-000000-01339;visible
A-000000-01340;visible
A-000000-01341;visible
A-000000-01342;visible
A-000000-01343;visible
A-000000-01344;visible
A-000000-01345;visible
A-000000-01346;visible
A-000000-01347;visible
A-000000-01348;visible
A-000000-01349;visible
A-000000-01350;visible
A-000000-01351;visible
A-000000-01352;visible
A-000000-01353;visible
A-000000-01354;visible
A-000000-01355;visible
A-000000-01357;visible
A-000000-01358;visible
A-000000-01359;visible
A-000000-01361;visible
A-000000-01362;visible
A-000000-01363;visible
A-000000-01367;visible
A-000000-01368;visible
A-000000-01369;visible
A-000000-01373;visible
A-000000-01374;visible
A-000000-01375;visible
A-000000-01376;visible
A-000000-01377;visible
A-000000-01380;visible
A-000000-01381;visible
A-000000-01382;visible
A-000000-01383;visible
A-000000-01384;visible
A-000000-01385;visible
A-000000-01386;visible
A-000000-01387;visible
A-000000-01388;visible
A-000000-01391;visible
A-000000-01392;visible
A-000000-01393;visible
A-000000-01394;visible
A-000000-01395;visible
A-000000-01396;visible
A-000000-01397;visible
A-000000-01398;visible
A-000000-01399;visible
A-000000-01400;visible
A-000000-01401;visible
A-000000-01402;visible
A-000000-01403;visible
A-000000-01404;visible
A-000000-01405;visible
A-000000-01406;visible
A-000000-01407;visible
A-000000-01408;visible
A-000000-01409;visible
A-000000-01410;visible
A-000000-01411;visible
A-000000-01412;visible
A-000000-01413;visible
A-000000-01414;visible
A-000000-01415;visible
A-000000-01416;visible
A-000000-01417;visible
A-000000-01418;visible
A-000000-01419;visible
A-000000-01420;visible
A-000000-01421;visible
A-000000-01422;visible
A-000000-01423;visible
A-000000-01424;visible
A-000000-01425;visible
A-000000-01426;visible
A-000000-01427;visible
A-000000-01428;visible
A-000000-01429;visible
A-000000-01430;visible
A-000000-01431;visible
A-000000-01432;visible
A-000000-01433;visible
A-000000-01434;visible
A-000000-01435;visible
A-000000-01436;visible
A-000000-01437;visible
A-000000-01438;visible
A-000000-01439;visible
A-000000-01440;visible
A-000000-01441;visible
A-000000-01442;visible
A-000000-01443;visible
A-000000-01444;visible
A-000000-01445;visible
A-000000-01446;visible
A-000000-01447;visible
A-000000-01448;visible
A-000000-01449;visible
A-000000-01450;visible
A-000000-01451;visible
A-000000-01452;visible
A-000000-01453;visible
A-000000-01454;visible
A-000000-01464;visible
A-000000-01465;visible
A-000000-01466;visible
A-000000-01467;visible
A-000000-01468;visible
A-000000-01469;visible
A-000000-01470;visible
A-000000-01471;visible
A-000000-01472;visible
A-000000-01473;visible
A-000000-01474;visible
A-000000-01475;visible
A-000000-01476;visible
A-000000-01477;visible
A-000000-01478;visible
A-000000-01479;visible
A-000000-01480;visible
A-000000-01481;visible
A-000000-01482;visible
A-000000-01483;visible
A-000000-01484;visible
A-000000-01485;visible
A-000000-01486;visible
A-000000-01487;visible
A-000000-01488;visible
A-000000-01489;visible
A-000000-01493;visible
A-000000-01506;visible
A-000000-01507;visible
A-000000-01508;visible
A-000000-01509;visible
A-000000-01510;visible
A-000000-01512;visible
A-000000-01513;visible
A-000000-01514;visible
A-000000-01515;visible
A-000000-01516;visible
A-000000-01517;visible
A-000000-01518;visible
A-000000-01519;visible
A-000000-01520;visible
A-000000-01541;visible
A-000000-01542;visible
A-000000-01549;visible
A-000000-01550;visible
A-000000-01553;visible
A-000000-01554;visible
A-000000-01555;visible
A-000000-01556;visible
A-000000-01557;visible
A-000000-01558;visible
A-000000-01559;visible
A-000000-01560;visible
A-000000-01563;visible
A-000000-01566;visible
A-000000-01570;visible
A-000000-01571;visible
A-000000-01572;visible
A-000000-01573;visible
A-000000-01574;visible
A-000000-01575;visible
A-000000-01576;visible
A-000000-01577;visible
A-000000-01578;visible
A-000000-01579;visible
A-000000-01580;visible
A-000000-01581;visible
A-000000-01582;visible
A-000000-01583;visible
A-000000-01587;visible
A-000000-01589;visible
A-000000-01590;visible
A-000000-01591;visible
A-000000-01592;visible
A-000000-01593;visible
A-000000-01594;visible
A-000000-01595;visible
A-000000-01596;visible
A-000000-01597;visible
A-000000-01598;visible
A-000000-01599;visible
A-000000-01600;visible
A-000000-01601;visible
A-000000-01602;visible
A-000000-01603;visible
A-000000-01604;visible
A-000000-01605;visible
A-000000-01606;visible
A-000000-01607;visible
A-000000-01608;visible
A-000000-01609;visible
A-000000-01610;visible
A-000000-01611;visible
A-000000-01612;visible
A-000000-01613;visible
A-000000-01614;visible
A-000000-01615;visible
A-000000-01616;visible
A-000000-01617;visible
A-000000-01618;visible
A-000000-01619;visible
A-000000-01620;visible
A-000000-01621;visible
A-000000-01622;visible
A-000000-01623;visible
A-000000-01629;visible
A-000000-01630;visible
A-000000-01631;visible
A-000000-01632;visible
A-000000-01633;visible
A-000000-01634;visible
A-000000-01635;visible
A-000000-01636;visible
A-000000-01637;visible
A-000000-01638;visible
A-000000-01639;visible
A-000000-01640;visible
A-000000-01641;visible
A-000000-01642;visible
A-000000-01643;visible
A-000000-01644;visible
A-000000-01645;visible
A-000000-01646;visible
A-000000-01647;visible
A-000000-01648;visible
A-000000-01649;visible
A-000000-01650;visible
A-000000-01651;visible
A-000000-01652;visible
A-000000-01653;visible
A-000000-01654;visible
A-000000-01655;visible
A-000000-01656;visible
A-000000-01657;visible
A-000000-01658;visible
A-000000-01659;visible
A-000000-01660;visible
A-000000-01661;visible
A-000000-01662;visible
A-000000-01663;visible
A-000000-01664;visible
A-000000-01665;visible
A-000000-01667;visible
A-000000-01668;visible
A-000000-01669;visible
A-000000-01670;visible
A-000000-01671;visible
A-000000-01672;visible
A-000000-01673;visible
A-000000-01674;visible
A-000000-01675;visible
A-000000-01676;visible
A-000000-01677;visible
A-000000-01678;visible
A-000000-01679;visible
A-000000-01680;visible
A-000000-01681;visible
A-000000-01682;visible
A-000000-01683;visible
A-000000-01684;visible
A-000000-01685;visible
A-000000-01686;visible
A-000000-01687;visible
A-000000-01688;visible
A-000000-01689;visible
A-000000-01690;visible
A-000000-01691;visible
A-000000-01693;visible
A-000000-01694;visible
A-000000-01695;visible
A-000000-01696;visible
A-000000-01697;visible
A-000000-01698;visible
A-000000-01699;visible
A-000000-01700;visible
A-000000-01701;visible
A-000000-01702;visible
A-000000-01703;visible
A-000000-01704;visible
A-000000-01705;visible
A-000000-01706;visible
A-000000-01707;visible
A-000000-01708;visible
A-000000-01709;visible
A-000000-01710;visible
A-000000-01711;visible
A-000000-01712;visible
A-000000-01713;visible
A-000000-01714;visible
A-000000-01715;visible
A-000000-01716;visible
A-000000-01717;visible
A-000000-01718;visible
A-000000-01719;visible
A-000000-01720;visible
A-000000-01721;visible
A-000000-01722;visible
A-000000-01725;visible
A-000000-01726;visible
A-000000-01727;visible
A-000000-01728;visible
A-000000-01729;visible
A-000000-01730;visible
A-000000-01731;visible
A-000000-01732;visible
A-000000-01733;visible
A-000000-01734;visible
A-000000-01735;visible
A-000000-01736;visible
A-000000-01737;visible
A-000000-01738;visible
A-000000-01739;visible
A-000000-01740;visible
A-000000-01741;visible
A-000000-01742;visible
A-000000-01743;visible
A-000000-01744;visible
A-000000-01745;visible
A-000000-01746;visible
A-000000-01747;visible
A-000000-01748;visible
A-000000-01749;visible
A-000000-01750;visible
A-000000-01752;visible
A-000000-01753;visible
A-000000-01754;visible
A-000000-01755;visible
A-000000-01756;visible
A-000000-01757;visible
A-000000-01758;visible
A-000000-01759;visible
A-000000-01760;visible
A-000000-01761;visible
A-000000-01762;visible
A-000000-01763;visible
A-000000-01764;visible
A-000000-01765;visible
A-000000-01766;visible
A-000000-01767;visible
A-000000-01768;visible
A-000000-01769;visible
A-000000-01771;visible
A-000000-01772;visible
A-000000-01773;visible
A-000000-01774;visible
A-000000-01775;visible
A-000000-01776;visible
A-000000-01777;visible
A-000000-01778;visible
A-000000-01779;visible
A-000000-01780;visible
A-000000-01781;visible
A-000000-01782;visible
A-000000-01783;visible
A-000000-01784;visible
A-000000-01785;visible
A-000000-01786;visible
A-000000-01787;visible
A-000000-01788;visible
A-000000-01791;visible
A-000000-01792;visible
A-000000-01793;visible
A-000000-01794;visible
A-000000-01796;visible
A-000000-01797;visible
A-000000-01798;visible
A-000000-01799;visible
A-000000-01800;visible
A-000000-01803;visible
A-000000-01807;visible
A-000000-01808;visible
A-000000-01809;visible
A-000000-01810;visible
A-000000-01811;visible
A-000000-01812;visible
A-000000-01813;visible
A-000000-01814;visible
A-000000-01815;visible
A-000000-01816;visible
A-000000-01817;visible
A-000000-01818;visible
A-000000-01819;visible
A-000000-01820;visible
A-000000-01821;visible
A-000000-01822;visible
A-000000-01823;visible
A-000000-01824;visible
A-000000-01825;visible
A-000000-01826;visible
A-000000-01827;visible
A-000000-01828;visible
A-000000-01829;visible
A-000000-01830;visible
A-000000-01831;visible
A-000000-01832;visible
A-000000-01833;visible
A-000000-01834;visible
A-000000-01835;visible
A-000000-01836;visible
A-000000-01837;visible
A-000000-01838;visible
A-000000-01839;visible
A-000000-01841;visible
A-000000-01842;visible
A-000000-01843;visible
A-000000-01844;visible
A-000000-01845;visible
A-000000-01846;visible
A-000000-01847;visible
A-000000-01848;visible
A-000000-01849;visible
A-000000-01850;visible
A-000000-01851;visible
A-000000-01852;visible
A-000000-01854;visible
A-000000-01856;visible
A-000000-01857;visible
A-000000-01859;visible
A-000000-01860;visible
A-000000-01861;visible
A-000000-01862;visible
A-000000-01863;visible
A-000000-01864;visible
A-000000-01865;visible
A-000000-01866;visible
A-000000-01867;visible
A-000000-01868;visible
A-000000-01869;visible
A-000000-01870;visible
A-000000-01871;visible
A-000000-01872;visible
A-000000-01873;visible
A-000000-01874;visible
A-000000-01875;visible
A-000000-01876;visible
A-000000-01877;visible
A-000000-01878;visible
A-000000-01879;visible
A-000000-01880;visible
A-000000-01881;visible
A-000000-01882;visible
A-000000-01883;visible
A-000000-01884;visible
A-000000-01885;visible
A-000000-01886;visible
A-000000-01887;visible
A-000000-01888;visible
A-000000-01889;visible
A-000000-01890;visible
A-000000-01892;visible
A-000000-01893;visible
A-000000-01894;visible
A-000000-01895;visible
A-000000-01896;visible
A-000000-01899;visible
A-000000-01900;visible
A-000000-01901;visible
A-000000-01902;visible
A-000000-01903;visible
A-000000-01904;visible
A-000000-01905;visible
A-000000-01906;visible
A-000000-01907;visible
A-000000-01909;visible
A-000000-01910;visible
A-000000-01911;visible
A-000000-01912;visible
A-000000-01913;visible
A-000000-01914;visible
A-000000-01915;visible
A-000000-01917;visible
A-000000-01918;visible
A-000000-01920;visible
A-000000-01921;visible
A-000000-01922;visible
A-000000-01923;visible
A-000000-01924;visible
A-000000-01925;visible
A-000000-01926;visible
A-000000-01927;visible
A-000000-01928;visible
A-000000-01929;visible
A-000000-01930;visible
A-000000-01931;visible
A-000000-01932;visible
A-000000-01933;visible
A-000000-01934;visible
A-000000-01935;visible
A-000000-01936;visible
A-000000-01937;visible
A-000000-01938;visible
A-000000-01939;visible
A-000000-01940;visible
A-000000-01941;visible
A-000000-01942;visible
A-000000-01943;visible
A-000000-01944;visible
A-000000-01945;visible
A-000000-01946;visible
A-000000-01947;visible
A-000000-01948;visible
A-000000-01949;visible
A-000000-01950;visible
A-000000-01953;visible
A-000000-01954;visible
A-000000-01955;visible
A-000000-01956;visible
A-000000-01957;visible
A-000000-01958;visible
A-000000-01959;visible
A-000000-01960;visible
A-000000-01961;visible
A-000000-01962;visible
A-000000-01963;visible
A-000000-01966;visible
A-000000-01970;visible
A-000000-01971;visible
A-000000-01972;visible
A-000000-01973;visible
A-000000-01974;visible
A-000000-01975;visible
A-000000-01976;visible
A-000000-01977;visible
A-000000-01978;visible
A-000000-01979;visible
A-000000-01980;visible
A-000000-01981;visible
A-000000-01982;visible
A-000000-01983;visible
A-000000-01984;visible
A-000000-01985;visible
A-000000-01986;visible
A-000000-01988;visible
A-000000-01989;visible
A-000000-01990;visible
A-000000-01991;visible
A-000000-01992;visible
A-000000-01993;visible
A-000000-01994;visible
A-000000-01995;visible
A-000000-01996;visible
A-000000-01997;visible
A-000000-01998;visible
A-000000-02001;visible
A-000000-02002;visible
A-000000-02003;visible
A-000000-02004;visible
A-000000-02005;visible
A-000000-02006;visible
A-000000-02007;visible
A-000000-02008;visible
A-000000-02009;visible
A-000000-02010;visible
A-000000-02011;visible
A-000000-02012;visible
A-000000-02013;visible
A-000000-02014;visible
A-000000-02016;visible
A-000000-02017;visible
A-000000-02019;visible
A-000000-02021;visible
A-000000-02022;visible
A-000000-02023;visible
A-000000-02024;visible
A-000000-02025;visible
A-000000-02026;visible
A-000000-02027;visible
A-000000-02028;visible
A-000000-02029;visible
A-000000-02030;visible
A-000000-02031;visible
A-000000-02032;visible
A-000000-02033;visible
A-000000-02034;visible
A-000000-02035;visible
A-000000-02036;visible
A-000000-02037;visible
A-000000-02038;visible
A-000000-02039;visible
A-000000-02040;visible
A-000000-02041;visible
A-000000-02042;visible
A-000000-02043;visible
A-000000-02044;visible
A-000000-02045;visible
A-000000-02056;visible
A-000000-02057;visible
A-000000-02059;visible
A-000000-02060;visible
A-000000-02061;visible
A-000000-02062;visible
A-000000-02063;visible
A-000000-02064;visible
A-000000-02065;visible
A-000000-02066;visible
A-000000-02067;visible
A-000000-02068;visible
A-000000-02069;visible
A-000000-02070;visible
A-000000-02071;visible
A-000000-02073;visible
A-000000-02074;visible
A-000000-02075;visible
A-000000-02076;visible
A-000000-02077;visible
A-000000-02078;visible
A-000000-02079;visible
A-000000-02080;visible
A-000000-02086;visible
A-000000-02087;visible
A-000000-02089;visible
A-000000-02091;visible
A-000000-02092;visible
A-000000-02093;visible
A-000000-02094;visible
A-000000-02099;visible
A-000000-02100;visible
A-000000-02101;visible
A-000000-02102;visible
A-000000-02104;visible
A-000000-02109;visible
A-000000-02110;visible
A-000000-02112;visible
A-000000-02113;visible
A-000000-02114;visible
A-000000-02115;visible
A-000000-02116;visible
A-000000-02117;visible
A-000000-02121;visible
A-000000-02122;visible
A-000000-02123;visible
A-000000-02124;visible
A-000000-02125;visible
A-000000-02126;visible
A-000000-02128;visible
A-000000-02131;visible
A-000000-02132;visible
A-000000-02134;visible
A-000000-02135;visible
A-000000-02136;visible
A-000000-02137;visible
A-000000-02139;visible
A-000000-02140;visible
A-000000-02141;visible
A-000000-02142;visible
A-000000-02143;visible
A-000000-02144;visible
A-000000-02146;visible
A-000000-02149;visible
A-000000-02150;visible
A-000000-02151;visible
A-000000-02152;visible
A-000000-02155;visible
A-000000-02156;visible
A-000000-02157;visible
A-000000-02159;visible
A-000000-02160;visible
A-000000-02162;visible
A-000000-02163;visible
A-000000-02165;visible
A-000000-02166;visible
A-000000-02167;visible
A-000000-02168;visible
A-000000-02169;visible
A-000000-02170;visible
A-000000-02171;visible
A-000000-02172;visible
A-000000-02173;visible
A-000000-02174;visible
A-000000-02175;visible
A-000000-02176;visible
A-000000-02177;visible
A-000000-02178;visible
A-000000-02179;visible
A-000000-02180;visible
A-000000-02181;visible
A-000000-02182;visible
A-000000-02184;visible
A-000000-02185;visible
A-000000-02186;visible
A-000000-02187;visible
A-000000-02188;visible
A-000000-02189;visible
A-000000-02190;visible
A-000000-02191;visible
A-000000-02192;visible
A-000000-02193;visible
A-000000-02194;visible
A-000000-02195;visible
A-000000-02196;visible
A-000000-02197;visible
A-000000-02198;visible
A-000000-02201;visible
A-000000-02202;visible
A-000000-02203;visible
A-000000-02204;visible
A-000000-02205;visible
A-000000-02206;visible
A-000000-02207;visible
A-000000-02208;visible
A-000000-02212;visible
A-000000-02213;visible
A-000000-02214;visible
A-000000-02215;visible
A-000000-02216;visible
A-000000-02217;visible
A-000000-02218;visible
A-000000-02219;visible
A-000000-02221;visible
A-000000-02222;visible
A-000000-02223;visible
A-000000-02224;visible
A-000000-02225;visible
A-000000-02226;visible
A-000000-02227;visible
A-000000-02228;visible
A-000000-02229;visible
A-000000-02232;visible
A-000000-02233;visible
A-000000-02234;visible
A-000000-02236;visible
A-000000-02237;visible
A-000000-02238;visible
A-000000-02239;visible
A-000000-02240;visible
A-000000-02241;visible
A-000000-02242;visible
A-000000-02243;visible
A-000000-02244;visible
A-000000-02245;visible
A-000000-02246;visible
A-000000-02247;visible
A-000000-02248;visible
A-000000-02249;visible
A-000000-02250;visible
A-000000-02251;visible
A-000000-02252;visible
A-000000-02253;visible
A-000000-02254;visible
A-000000-02255;visible
A-000000-02256;visible
A-000000-02258;visible
A-000000-02259;visible
A-000000-02260;visible
A-000000-02261;visible
A-000000-02262;visible
A-000000-02263;visible
A-000000-02264;visible
A-000000-02265;visible
A-000000-02266;visible
A-000000-02267;visible
A-000000-02268;visible
A-000000-02269;visible
A-000000-02270;visible
A-000000-02271;visible
A-000000-02272;visible
A-000000-02273;visible
A-000000-02274;visible
A-000000-02275;visible
A-000000-02276;visible
A-000000-02277;visible
A-000000-02278;visible
A-000000-02279;visible
A-000000-02280;visible
A-000000-02281;visible
A-000000-02282;visible
A-000000-02283;visible
A-000000-02284;visible
A-000000-02285;visible
A-000000-02286;visible
A-000000-02288;visible
A-000000-02289;visible
A-000000-02290;visible
A-000000-02291;visible
A-000000-02292;visible
A-000000-02293;visible
A-000000-02294;visible
A-000000-02295;visible
A-000000-02296;visible
A-000000-02297;visible
A-000000-02300;visible
A-000000-02309;visible
A-000000-02310;visible
A-000000-02311;visible
A-000000-02312;visible
A-000000-02313;visible
A-000000-02314;visible
A-000000-02315;visible
A-000000-02316;visible
A-000000-02317;visible
A-000000-02318;visible
A-000000-02319;visible
A-000000-02320;visible
A-000000-02321;visible
A-000000-02322;visible
A-000000-02323;visible
A-000000-02324;visible
A-000000-02325;visible
A-000000-02326;visible
A-000000-02327;visible
A-000000-02328;visible
A-000000-02329;visible
A-000000-02332;visible
A-000000-02333;visible
A-000000-02334;visible
A-000000-02335;visible
A-000000-02336;visible
A-000000-02337;visible
A-000000-02338;visible
A-000000-02339;visible
A-000000-02340;visible
A-000000-02341;visible
A-000000-02342;visible
A-000000-02343;visible
A-000000-02344;visible
A-000000-02345;visible
A-000000-02346;visible
A-000000-02347;visible
A-000000-02348;visible
A-000000-02349;visible
A-000000-02351;visible
A-000000-02352;visible
