A-000000-00067	SIEMENS
A-000000-00068	SIEMENS
A-000000-00069	SIEMENS
A-000000-00078	SIEMENS
A-000000-00079	SIEMENS
A-000000-00080	SIEMENS
A-000000-00081	SIEMENS
A-000000-00082	SIEMENS
A-000000-00083	SIEMENS
A-000000-00084	SIEMENS
A-000000-00085	SIEMENS
A-000000-00091	SIEMENS
A-000000-00092	SIEMENS
A-000000-00093	SIEMENS
A-000000-00094	SIEMENS
A-000000-00095	SIEMENS
A-000000-00096	SIEMENS
A-000000-00097	SIEMENS
A-000000-00098	SIEMENS
A-000000-00102	SIEMENS
A-000000-00173	HANSATON
A-000000-00529	PHONAK
A-000000-01053	PHONAK
A-000000-01054	PHONAK
A-000000-01055	PHONAK
A-000000-01056	PHONAK
A-000000-01057	PHONAK
A-000000-01058	PHONAK
A-000000-01059	PHONAK
A-000000-01060	PHONAK
A-000000-01061	PHONAK
A-000000-01062	PHONAK
A-000000-01063	PHONAK
A-000000-01064	PHONAK
A-000000-01065	PHONAK
A-000000-01066	PHONAK
A-000000-01067	PHONAK
A-000000-01068	PHONAK
A-000000-01069	PHONAK
A-000000-01070	PHONAK
A-000000-01071	PHONAK
A-000000-01072	PHONAK
A-000000-01093	PHONAK
A-000000-01094	PHONAK
A-000000-01095	PHONAK
A-000000-01097	PHONAK
A-000000-01098	PHONAK
A-000000-01099	PHONAK
A-000000-01100	PHONAK
A-000000-01101	PHONAK
A-000000-01102	PHONAK
A-000000-01103	PHONAK
A-000000-01232	RESOUND
A-000000-01233	RESOUND
A-000000-01239	RESOUND
A-000000-01240	RESOUND
A-000000-01241	RESOUND
A-000000-01247	RESOUND
A-000000-01283	RESOUND
A-000000-01287	UNITRON
A-000000-01323	UNITRON
A-000000-01334	STARKEY
A-000000-01335	STARKEY
A-000000-01339	PHONAK
A-000000-01343	STARKEY
A-000000-01344	STARKEY
A-000000-01348	STARKEY
A-000000-01349	STARKEY
A-000000-01361	AUDIOLOGYS
A-000000-01363	PHONAK
A-000000-01385	SIEMENS
A-000000-01391	PHONAK
A-000000-01393	OTICON
A-000000-01394	OTICON
A-000000-01397	OTICON
A-000000-01398	OTICON
A-000000-01399	OTICON
A-000000-01400	OTICON
A-000000-01414	OTICON
A-000000-01433	RESOUND
A-000000-01434	PHONAK
A-000000-01435	PHONAK
A-000000-01473	BERNAFON
A-000000-01474	BERNAFON
A-000000-01475	BERNAFON
A-000000-01486	BERNAFON
A-000000-01488	BERNAFON
A-000000-01519	PHONAK
A-000000-01555	RESOUND
A-000000-01556	RESOUND
A-000000-01557	RESOUND
A-000000-01566	UNITRON
A-000000-01570	UNITRON
A-000000-01571	UNITRON
A-000000-01573	UNITRON
A-000000-01574	UNITRON
A-000000-01576	UNITRON
A-000000-01590	BERNAFON
A-000000-01591	BERNAFON
A-000000-01592	BERNAFON
A-000000-01593	BERNAFON
A-000000-01594	BERNAFON
A-000000-01595	BERNAFON
A-000000-01596	BERNAFON
A-000000-01597	BERNAFON
A-000000-01601	BERNAFON
A-000000-01606	BERNAFON
A-000000-01608	BERNAFON
A-000000-01690	STARKEY
A-000000-01691	STARKEY
A-000000-01771	STARKEY
A-000000-01785	STARKEY
A-000000-01865	STARKEY
A-000000-01909	audio_service
A-000000-01910	STARKEY
A-000000-01949	OTICON
A-000000-01995	WIDEX
A-000000-02121	NEWSON
A-000000-02122	NEWSON
A-000000-02123	NEWSON
A-000000-02124	NEWSON
A-000000-02125	NEWSON
A-000000-02126	NEWSON
A-000000-02128	STARKEY
A-000000-02234	STARKEY
A-000000-02240	STARKEY
A-000000-02241	STARKEY
A-000000-02310	AUDIOLOGYS
A-000000-00526	beltone
A-000000-01248	beltone
A-000000-01249	beltone
A-000000-01250	beltone
A-000000-01251	beltone
A-000000-01252	beltone
A-000000-01253	beltone
A-000000-01254	beltone
A-000000-01255	beltone
A-000000-01256	beltone
A-000000-01257	beltone
A-000000-01258	beltone
A-000000-01259	beltone
A-000000-01260	beltone
A-000000-01261	beltone
A-000000-01262	beltone
A-000000-01263	beltone
A-000000-01264	beltone
A-000000-01265	beltone
A-000000-01266	beltone
A-000000-01267	beltone
A-000000-01268	beltone
A-000000-01269	beltone
A-000000-01270	beltone
A-000000-01271	beltone
A-000000-01272	beltone
A-000000-01273	beltone
A-000000-01274	beltone
A-000000-01275	beltone
A-000000-01276	beltone
A-000000-01277	beltone
A-000000-01278	beltone
A-000000-01279	beltone
A-000000-01281	beltone
A-000000-01282	beltone
A-000000-01284	beltone
A-000000-01285	beltone
A-000000-01286	beltone
A-000000-01813	beltone
A-000000-01819	beltone
A-000000-01820	beltone
A-000000-01939	beltone
A-000000-01963	beltone
A-000000-01966	beltone
A-000000-01980	beltone
A-000000-02029	beltone
A-000000-02030	beltone
A-000000-02063	beltone
A-000000-02071	beltone
A-000000-02079	beltone
A-000000-02104	beltone
A-000000-02159	beltone
A-000000-02249	beltone
A-000000-02250	beltone
A-000000-02252	beltone
A-000000-02253	beltone
A-000000-02254	beltone
A-000000-02255	beltone
A-000000-02256	beltone
A-000000-01467	bernafon
A-000000-01468	bernafon
A-000000-01469	bernafon
A-000000-01470	bernafon
A-000000-01471	bernafon
A-000000-01472	bernafon
A-000000-01476	bernafon
A-000000-01477	bernafon
A-000000-01478	bernafon
A-000000-01479	bernafon
A-000000-01480	bernafon
A-000000-01481	bernafon
A-000000-01482	bernafon
A-000000-01483	bernafon
A-000000-01484	bernafon
A-000000-01485	bernafon
A-000000-01487	bernafon
A-000000-01489	bernafon
A-000000-01598	bernafon
A-000000-01599	bernafon
A-000000-01600	bernafon
A-000000-01602	bernafon
A-000000-01603	bernafon
A-000000-01604	bernafon
A-000000-01605	bernafon
A-000000-01607	bernafon
A-000000-01609	bernafon
A-000000-01610	bernafon
A-000000-01611	bernafon
A-000000-01612	bernafon
A-000000-01613	bernafon
A-000000-01614	bernafon
A-000000-01615	bernafon
A-000000-01616	bernafon
A-000000-01617	bernafon
A-000000-01618	bernafon
A-000000-01619	bernafon
A-000000-01620	bernafon
A-000000-01621	bernafon
A-000000-01622	bernafon
A-000000-01629	bernafon
A-000000-01643	bernafon
A-000000-01644	bernafon
A-000000-01672	bernafon
A-000000-01799	bernafon
A-000000-01800	bernafon
A-000000-02033	bernafon
A-000000-02034	bernafon
A-000000-02060	bernafon
A-000000-02061	bernafon
A-000000-02115	bernafon
A-000000-02160	bernafon
A-000000-02244	bernafon
A-000000-02245	bernafon
A-000000-02246	bernafon
A-000000-02247	bernafon
A-000000-02248	bernafon
A-000000-02251	bernafon
A-000000-02279	bernafon
A-000000-02280	bernafon
A-000000-02281	bernafon
A-000000-02282	bernafon
A-000000-02283	bernafon
A-000000-02284	bernafon
A-000000-02131	biotone
A-000000-02136	biotone
A-000000-02137	biotone
A-000000-02332	biotone
A-000000-02333	biotone
A-000000-02334	biotone
A-000000-02335	biotone
A-000000-02336	biotone
A-000000-02337	biotone
A-000000-02338	biotone
A-000000-02339	biotone
A-000000-02340	biotone
A-000000-02341	biotone
A-000000-02342	biotone
A-000000-02343	biotone
A-000000-02344	biotone
A-000000-02345	biotone
A-000000-02346	biotone
A-000000-01623	hansaton
A-000000-01630	hansaton
A-000000-01631	hansaton
A-000000-01632	hansaton
A-000000-01633	hansaton
A-000000-01634	hansaton
A-000000-01635	hansaton
A-000000-01636	hansaton
A-000000-01637	hansaton
A-000000-01638	hansaton
A-000000-01639	hansaton
A-000000-01640	hansaton
A-000000-01641	hansaton
A-000000-01642	hansaton
A-000000-01645	hansaton
A-000000-01646	hansaton
A-000000-01647	hansaton
A-000000-01648	hansaton
A-000000-01649	hansaton
A-000000-01650	hansaton
A-000000-01651	hansaton
A-000000-01652	hansaton
A-000000-01653	hansaton
A-000000-01654	hansaton
A-000000-01655	hansaton
A-000000-01656	hansaton
A-000000-01657	hansaton
A-000000-01658	hansaton
A-000000-01659	hansaton
A-000000-01660	hansaton
A-000000-01661	hansaton
A-000000-01662	hansaton
A-000000-01663	hansaton
A-000000-01664	hansaton
A-000000-01665	hansaton
A-000000-01667	hansaton
A-000000-01668	hansaton
A-000000-01669	hansaton
A-000000-01670	hansaton
A-000000-01671	hansaton
A-000000-01673	hansaton
A-000000-01674	hansaton
A-000000-01675	hansaton
A-000000-01842	hansaton
A-000000-01843	hansaton
A-000000-01844	hansaton
A-000000-01845	hansaton
A-000000-01846	hansaton
A-000000-01847	hansaton
A-000000-01848	hansaton
A-000000-01849	hansaton
A-000000-01850	hansaton
A-000000-01851	hansaton
A-000000-01852	hansaton
A-000000-01994	hansaton
A-000000-02039	hansaton
A-000000-02040	hansaton
A-000000-02041	hansaton
A-000000-02035	interton
A-000000-02300	interton
A-000000-02309	interton
A-000000-01872	newson
A-000000-01873	newson
A-000000-02067	newson
A-000000-02068	newson
A-000000-00005	oticon
A-000000-00026	oticon
A-000000-00121	oticon
A-000000-00150	oticon
A-000000-00160	oticon
A-000000-00162	oticon
A-000000-00175	oticon
A-000000-00176	oticon
A-000000-00226	oticon
A-000000-00227	oticon
A-000000-00228	oticon
A-000000-00229	oticon
A-000000-00230	oticon
A-000000-00231	oticon
A-000000-00232	oticon
A-000000-00233	oticon
A-000000-00234	oticon
A-000000-00235	oticon
A-000000-00236	oticon
A-000000-00237	oticon
A-000000-00245	oticon
A-000000-00246	oticon
A-000000-00247	oticon
A-000000-00248	oticon
A-000000-00249	oticon
A-000000-00250	oticon
A-000000-00251	oticon
A-000000-00252	oticon
A-000000-00253	oticon
A-000000-00254	oticon
A-000000-00255	oticon
A-000000-00256	oticon
A-000000-00257	oticon
A-000000-00258	oticon
A-000000-00259	oticon
A-000000-00260	oticon
A-000000-00261	oticon
A-000000-00262	oticon
A-000000-00263	oticon
A-000000-00264	oticon
A-000000-00265	oticon
A-000000-00266	oticon
A-000000-00267	oticon
A-000000-00268	oticon
A-000000-00269	oticon
A-000000-00270	oticon
A-000000-00271	oticon
A-000000-00272	oticon
A-000000-00273	oticon
A-000000-00284	oticon
A-000000-00285	oticon
A-000000-00343	oticon
A-000000-00372	oticon
A-000000-00373	oticon
A-000000-00374	oticon
A-000000-01185	oticon
A-000000-01186	oticon
A-000000-01187	oticon
A-000000-01188	oticon
A-000000-01189	oticon
A-000000-01190	oticon
A-000000-01345	oticon
A-000000-01346	oticon
A-000000-01347	oticon
A-000000-01350	oticon
A-000000-01351	oticon
A-000000-01352	oticon
A-000000-01353	oticon
A-000000-01354	oticon
A-000000-01355	oticon
A-000000-01357	oticon
A-000000-01358	oticon
A-000000-01359	oticon
A-000000-01392	oticon
A-000000-01395	oticon
A-000000-01396	oticon
A-000000-01401	oticon
A-000000-01402	oticon
A-000000-01403	oticon
A-000000-01404	oticon
A-000000-01405	oticon
A-000000-01406	oticon
A-000000-01407	oticon
A-000000-01408	oticon
A-000000-01409	oticon
A-000000-01410	oticon
A-000000-01411	oticon
A-000000-01412	oticon
A-000000-01413	oticon
A-000000-01415	oticon
A-000000-01416	oticon
A-000000-01417	oticon
A-000000-01418	oticon
A-000000-01419	oticon
A-000000-01420	oticon
A-000000-01677	oticon
A-000000-01678	oticon
A-000000-01679	oticon
A-000000-01814	oticon
A-000000-01815	oticon
A-000000-01816	oticon
A-000000-01817	oticon
A-000000-01818	oticon
A-000000-01829	oticon
A-000000-01914	oticon
A-000000-01957	oticon
A-000000-01970	oticon
A-000000-01982	oticon
A-000000-01983	oticon
A-000000-01984	oticon
A-000000-01985	oticon
A-000000-01993	oticon
A-000000-02064	oticon
A-000000-02069	oticon
A-000000-02070	oticon
A-000000-02092	oticon
A-000000-02109	oticon
A-000000-02132	oticon
A-000000-02134	oticon
A-000000-02135	oticon
A-000000-02157	oticon
A-000000-02170	oticon
A-000000-02171	oticon
A-000000-02172	oticon
A-000000-02258	oticon
A-000000-02259	oticon
A-000000-02260	oticon
A-000000-02261	oticon
A-000000-02262	oticon
A-000000-02263	oticon
A-000000-02266	oticon
A-000000-02267	oticon
A-000000-02268	oticon
A-000000-02269	oticon
A-000000-02285	oticon
A-000000-02347	oticon
A-000000-00116	phonak
A-000000-00120	phonak
A-000000-01073	phonak
A-000000-01074	phonak
A-000000-01075	phonak
A-000000-01076	phonak
A-000000-01077	phonak
A-000000-01078	phonak
A-000000-01079	phonak
A-000000-01080	phonak
A-000000-01081	phonak
A-000000-01082	phonak
A-000000-01083	phonak
A-000000-01084	phonak
A-000000-01085	phonak
A-000000-01086	phonak
A-000000-01087	phonak
A-000000-01088	phonak
A-000000-01089	phonak
A-000000-01090	phonak
A-000000-01091	phonak
A-000000-01092	phonak
A-000000-01096	phonak
A-000000-01324	phonak
A-000000-01325	phonak
A-000000-01326	phonak
A-000000-01328	phonak
A-000000-01340	phonak
A-000000-01341	phonak
A-000000-01342	phonak
A-000000-01362	phonak
A-000000-01436	phonak
A-000000-01437	phonak
A-000000-01438	phonak
A-000000-01439	phonak
A-000000-01440	phonak
A-000000-01441	phonak
A-000000-01442	phonak
A-000000-01443	phonak
A-000000-01444	phonak
A-000000-01445	phonak
A-000000-01446	phonak
A-000000-01447	phonak
A-000000-01448	phonak
A-000000-01449	phonak
A-000000-01450	phonak
A-000000-01451	phonak
A-000000-01452	phonak
A-000000-01453	phonak
A-000000-01454	phonak
A-000000-01507	phonak
A-000000-01513	phonak
A-000000-01514	phonak
A-000000-01515	phonak
A-000000-01516	phonak
A-000000-01517	phonak
A-000000-01518	phonak
A-000000-01682	phonak
A-000000-01683	phonak
A-000000-01701	phonak
A-000000-01702	phonak
A-000000-01703	phonak
A-000000-01704	phonak
A-000000-01705	phonak
A-000000-01706	phonak
A-000000-01721	phonak
A-000000-01722	phonak
A-000000-01732	phonak
A-000000-01733	phonak
A-000000-01735	phonak
A-000000-01753	phonak
A-000000-01754	phonak
A-000000-01755	phonak
A-000000-01756	phonak
A-000000-01757	phonak
A-000000-01758	phonak
A-000000-01803	phonak
A-000000-01810	phonak
A-000000-01811	phonak
A-000000-01837	phonak
A-000000-01838	phonak
A-000000-01864	phonak
A-000000-01866	phonak
A-000000-01915	phonak
A-000000-01917	phonak
A-000000-01918	phonak
A-000000-01921	phonak
A-000000-01922	phonak
A-000000-01923	phonak
A-000000-01924	phonak
A-000000-01925	phonak
A-000000-01926	phonak
A-000000-01955	phonak
A-000000-01956	phonak
A-000000-01974	phonak
A-000000-01975	phonak
A-000000-01976	phonak
A-000000-01977	phonak
A-000000-01978	phonak
A-000000-01979	phonak
A-000000-02016	phonak
A-000000-02019	phonak
A-000000-02056	phonak
A-000000-02101	phonak
A-000000-02102	phonak
A-000000-02146	phonak
A-000000-02150	phonak
A-000000-02151	phonak
A-000000-02152	phonak
A-000000-02194	phonak
A-000000-02195	phonak
A-000000-02196	phonak
A-000000-02197	phonak
A-000000-02198	phonak
A-000000-02317	phonak
A-000000-02322	phonak
A-000000-02323	phonak
A-000000-02324	phonak
A-000000-02325	phonak
A-000000-02326	phonak
A-000000-02327	phonak
A-000000-01191	resound
A-000000-01192	resound
A-000000-01193	resound
A-000000-01194	resound
A-000000-01195	resound
A-000000-01196	resound
A-000000-01197	resound
A-000000-01198	resound
A-000000-01199	resound
A-000000-01200	resound
A-000000-01201	resound
A-000000-01202	resound
A-000000-01203	resound
A-000000-01207	resound
A-000000-01208	resound
A-000000-01209	resound
A-000000-01210	resound
A-000000-01211	resound
A-000000-01212	resound
A-000000-01213	resound
A-000000-01214	resound
A-000000-01215	resound
A-000000-01216	resound
A-000000-01217	resound
A-000000-01218	resound
A-000000-01219	resound
A-000000-01220	resound
A-000000-01221	resound
A-000000-01222	resound
A-000000-01223	resound
A-000000-01224	resound
A-000000-01225	resound
A-000000-01226	resound
A-000000-01227	resound
A-000000-01228	resound
A-000000-01229	resound
A-000000-01230	resound
A-000000-01231	resound
A-000000-01234	resound
A-000000-01235	resound
A-000000-01236	resound
A-000000-01237	resound
A-000000-01238	resound
A-000000-01421	resound
A-000000-01422	resound
A-000000-01423	resound
A-000000-01424	resound
A-000000-01425	resound
A-000000-01426	resound
A-000000-01427	resound
A-000000-01428	resound
A-000000-01429	resound
A-000000-01430	resound
A-000000-01431	resound
A-000000-01432	resound
A-000000-01464	resound
A-000000-01465	resound
A-000000-01466	resound
A-000000-01508	resound
A-000000-01684	resound
A-000000-01700	resound
A-000000-01710	resound
A-000000-01711	resound
A-000000-01712	resound
A-000000-01713	resound
A-000000-01714	resound
A-000000-01715	resound
A-000000-01716	resound
A-000000-01718	resound
A-000000-01719	resound
A-000000-01720	resound
A-000000-01725	resound
A-000000-01759	resound
A-000000-01760	resound
A-000000-01761	resound
A-000000-01762	resound
A-000000-01763	resound
A-000000-01764	resound
A-000000-01765	resound
A-000000-01766	resound
A-000000-01767	resound
A-000000-01774	resound
A-000000-01775	resound
A-000000-01776	resound
A-000000-01788	resound
A-000000-01839	resound
A-000000-01841	resound
A-000000-01874	resound
A-000000-01875	resound
A-000000-01876	resound
A-000000-01877	resound
A-000000-01878	resound
A-000000-01879	resound
A-000000-01880	resound
A-000000-01881	resound
A-000000-01882	resound
A-000000-01884	resound
A-000000-01886	resound
A-000000-01887	resound
A-000000-01888	resound
A-000000-01889	resound
A-000000-01934	resound
A-000000-01986	resound
A-000000-02013	resound
A-000000-02042	resound
A-000000-02059	resound
A-000000-02094	resound
A-000000-02110	resound
A-000000-02112	resound
A-000000-02113	resound
A-000000-02162	resound
A-000000-02167	resound
A-000000-02203	resound
A-000000-02212	resound
A-000000-02213	resound
A-000000-02214	resound
A-000000-02242	resound
A-000000-02243	resound
A-000000-02286	resound
A-000000-02348	resound
A-000000-02349	resound
A-000000-01509	rexton
A-000000-01870	rexton
A-000000-01892	rexton
A-000000-01893	rexton
A-000000-01894	rexton
A-000000-01895	rexton
A-000000-01896	rexton
A-000000-01899	rexton
A-000000-01900	rexton
A-000000-01901	rexton
A-000000-01902	rexton
A-000000-01903	rexton
A-000000-01904	rexton
A-000000-01905	rexton
A-000000-01906	rexton
A-000000-01907	rexton
A-000000-02117	rexton
A-000000-00070	siemens
A-000000-00074	siemens
A-000000-00075	siemens
A-000000-00076	siemens
A-000000-00077	siemens
A-000000-00086	siemens
A-000000-00087	siemens
A-000000-00088	siemens
A-000000-00089	siemens
A-000000-00090	siemens
A-000000-00099	siemens
A-000000-00100	siemens
A-000000-00101	siemens
A-000000-00154	siemens
A-000000-00346	siemens
A-000000-00347	siemens
A-000000-00348	siemens
A-000000-00349	siemens
A-000000-00350	siemens
A-000000-00351	siemens
A-000000-00352	siemens
A-000000-00353	siemens
A-000000-00354	siemens
A-000000-00355	siemens
A-000000-00356	siemens
A-000000-00357	siemens
A-000000-00358	siemens
A-000000-00359	siemens
A-000000-00360	siemens
A-000000-00361	siemens
A-000000-00362	siemens
A-000000-00364	siemens
A-000000-00365	siemens
A-000000-00366	siemens
A-000000-00367	siemens
A-000000-00368	siemens
A-000000-00369	siemens
A-000000-00370	siemens
A-000000-00371	siemens
A-000000-00375	siemens
A-000000-00376	siemens
A-000000-00377	siemens
A-000000-00378	siemens
A-000000-00379	siemens
A-000000-00380	siemens
A-000000-00381	siemens
A-000000-00382	siemens
A-000000-00383	siemens
A-000000-00384	siemens
A-000000-00385	siemens
A-000000-00386	siemens
A-000000-00387	siemens
A-000000-00388	siemens
A-000000-00389	siemens
A-000000-00390	siemens
A-000000-01296	siemens
A-000000-01297	siemens
A-000000-01298	siemens
A-000000-01373	siemens
A-000000-01374	siemens
A-000000-01380	siemens
A-000000-01381	siemens
A-000000-01382	siemens
A-000000-01383	siemens
A-000000-01384	siemens
A-000000-01386	siemens
A-000000-01387	siemens
A-000000-01388	siemens
A-000000-01493	siemens
A-000000-01510	siemens
A-000000-01512	siemens
A-000000-01520	siemens
A-000000-01541	siemens
A-000000-01542	siemens
A-000000-01549	siemens
A-000000-01550	siemens
A-000000-01553	siemens
A-000000-01559	siemens
A-000000-01560	siemens
A-000000-01589	siemens
A-000000-01676	siemens
A-000000-01680	siemens
A-000000-01681	siemens
A-000000-01707	siemens
A-000000-01708	siemens
A-000000-01709	siemens
A-000000-01731	siemens
A-000000-01783	siemens
A-000000-01784	siemens
A-000000-01797	siemens
A-000000-01821	siemens
A-000000-01822	siemens
A-000000-01823	siemens
A-000000-01824	siemens
A-000000-01825	siemens
A-000000-01826	siemens
A-000000-01827	siemens
A-000000-01828	siemens
A-000000-01830	siemens
A-000000-01831	siemens
A-000000-01832	siemens
A-000000-01833	siemens
A-000000-01834	siemens
A-000000-01835	siemens
A-000000-01836	siemens
A-000000-01860	siemens
A-000000-01867	siemens
A-000000-01868	siemens
A-000000-01869	siemens
A-000000-01871	siemens
A-000000-01885	siemens
A-000000-01890	siemens
A-000000-01911	siemens
A-000000-01912	siemens
A-000000-01913	siemens
A-000000-01933	siemens
A-000000-01936	siemens
A-000000-01971	siemens
A-000000-01972	siemens
A-000000-01973	siemens
A-000000-01981	siemens
A-000000-02017	siemens
A-000000-02021	siemens
A-000000-02022	siemens
A-000000-02024	siemens
A-000000-02025	siemens
A-000000-02026	siemens
A-000000-02027	siemens
A-000000-02028	siemens
A-000000-02031	siemens
A-000000-02032	siemens
A-000000-02044	siemens
A-000000-02045	siemens
A-000000-02057	siemens
A-000000-02062	siemens
A-000000-02065	siemens
A-000000-02066	siemens
A-000000-02073	siemens
A-000000-02074	siemens
A-000000-02075	siemens
A-000000-02076	siemens
A-000000-02077	siemens
A-000000-02078	siemens
A-000000-02087	siemens
A-000000-02089	siemens
A-000000-02091	siemens
A-000000-02116	siemens
A-000000-02139	siemens
A-000000-02140	siemens
A-000000-02141	siemens
A-000000-02142	siemens
A-000000-02143	siemens
A-000000-02144	siemens
A-000000-02155	siemens
A-000000-02156	siemens
A-000000-02215	siemens
A-000000-02216	siemens
A-000000-02217	siemens
A-000000-02218	siemens
A-000000-02219	siemens
A-000000-02221	siemens
A-000000-02222	siemens
A-000000-02223	siemens
A-000000-02224	siemens
A-000000-02225	siemens
A-000000-02232	siemens
A-000000-02233	siemens
A-000000-02264	siemens
A-000000-02265	siemens
A-000000-02270	siemens
A-000000-02271	siemens
A-000000-02272	siemens
A-000000-02273	siemens
A-000000-02288	siemens
A-000000-02289	siemens
A-000000-02290	siemens
A-000000-02291	siemens
A-000000-02292	siemens
A-000000-02293	siemens
A-000000-02294	siemens
A-000000-02295	siemens
A-000000-02296	siemens
A-000000-02328	siemens
A-000000-02329	siemens
A-000000-02351	siemens
A-000000-02352	siemens
A-000000-01768	sona
A-000000-01769	sona
A-000000-01807	sona
A-000000-01808	sona
A-000000-01950	sona
A-000000-00156	sonic_innovations
A-000000-00166	sonic_innovations
A-000000-00206	sonic_innovations
A-000000-00311	sonic_innovations
A-000000-01506	sonic_innovations
A-000000-01726	sonic_innovations
A-000000-01734	sonic_innovations
A-000000-01752	sonic_innovations
A-000000-01997	sonic_innovations
A-000000-00112	starkey
A-000000-00113	starkey
A-000000-00114	starkey
A-000000-00153	starkey
A-000000-00164	starkey
A-000000-00167	starkey
A-000000-00177	starkey
A-000000-00180	starkey
A-000000-00181	starkey
A-000000-00182	starkey
A-000000-00183	starkey
A-000000-00184	starkey
A-000000-00188	starkey
A-000000-00189	starkey
A-000000-00190	starkey
A-000000-00191	starkey
A-000000-00192	starkey
A-000000-00193	starkey
A-000000-00195	starkey
A-000000-00196	starkey
A-000000-00197	starkey
A-000000-00198	starkey
A-000000-00199	starkey
A-000000-00200	starkey
A-000000-00201	starkey
A-000000-00202	starkey
A-000000-00203	starkey
A-000000-00207	starkey
A-000000-00208	starkey
A-000000-00209	starkey
A-000000-00210	starkey
A-000000-00211	starkey
A-000000-00212	starkey
A-000000-00213	starkey
A-000000-00214	starkey
A-000000-00217	starkey
A-000000-00218	starkey
A-000000-00219	starkey
A-000000-00220	starkey
A-000000-00221	starkey
A-000000-00222	starkey
A-000000-00223	starkey
A-000000-00224	starkey
A-000000-00225	starkey
A-000000-00293	starkey
A-000000-00515	starkey
A-000000-00516	starkey
A-000000-00517	starkey
A-000000-00518	starkey
A-000000-00519	starkey
A-000000-00520	starkey
A-000000-00521	starkey
A-000000-00522	starkey
A-000000-01332	starkey
A-000000-01333	starkey
A-000000-01336	starkey
A-000000-01337	starkey
A-000000-01338	starkey
A-000000-01375	starkey
A-000000-01376	starkey
A-000000-01377	starkey
A-000000-01558	starkey
A-000000-01685	starkey
A-000000-01686	starkey
A-000000-01687	starkey
A-000000-01688	starkey
A-000000-01689	starkey
A-000000-01694	starkey
A-000000-01695	starkey
A-000000-01696	starkey
A-000000-01697	starkey
A-000000-01698	starkey
A-000000-01699	starkey
A-000000-01727	starkey
A-000000-01728	starkey
A-000000-01729	starkey
A-000000-01730	starkey
A-000000-01736	starkey
A-000000-01737	starkey
A-000000-01738	starkey
A-000000-01739	starkey
A-000000-01740	starkey
A-000000-01741	starkey
A-000000-01742	starkey
A-000000-01743	starkey
A-000000-01744	starkey
A-000000-01745	starkey
A-000000-01746	starkey
A-000000-01747	starkey
A-000000-01748	starkey
A-000000-01749	starkey
A-000000-01750	starkey
A-000000-01772	starkey
A-000000-01773	starkey
A-000000-01777	starkey
A-000000-01778	starkey
A-000000-01779	starkey
A-000000-01780	starkey
A-000000-01781	starkey
A-000000-01809	starkey
A-000000-01856	starkey
A-000000-01857	starkey
A-000000-01859	starkey
A-000000-01861	starkey
A-000000-01862	starkey
A-000000-01863	starkey
A-000000-01920	starkey
A-000000-01991	starkey
A-000000-01992	starkey
A-000000-02023	starkey
A-000000-02093	starkey
A-000000-02099	starkey
A-000000-02100	starkey
A-000000-02114	starkey
A-000000-02163	starkey
A-000000-02165	starkey
A-000000-02166	starkey
A-000000-02168	starkey
A-000000-02169	starkey
A-000000-02173	starkey
A-000000-02174	starkey
A-000000-02175	starkey
A-000000-02176	starkey
A-000000-02177	starkey
A-000000-02178	starkey
A-000000-02179	starkey
A-000000-02180	starkey
A-000000-02181	starkey
A-000000-02182	starkey
A-000000-02184	starkey
A-000000-02185	starkey
A-000000-02186	starkey
A-000000-02187	starkey
A-000000-02188	starkey
A-000000-02189	starkey
A-000000-02190	starkey
A-000000-02191	starkey
A-000000-02192	starkey
A-000000-02193	starkey
A-000000-02201	starkey
A-000000-02202	starkey
A-000000-02204	starkey
A-000000-02205	starkey
A-000000-02206	starkey
A-000000-02207	starkey
A-000000-02208	starkey
A-000000-02226	starkey
A-000000-02227	starkey
A-000000-02228	starkey
A-000000-02229	starkey
A-000000-02297	starkey
A-000000-01572	unitron_hearing
A-000000-01575	unitron_hearing
A-000000-01577	unitron_hearing
A-000000-01578	unitron_hearing
A-000000-01579	unitron_hearing
A-000000-01580	unitron_hearing
A-000000-01581	unitron_hearing
A-000000-01582	unitron_hearing
A-000000-01583	unitron_hearing
A-000000-01988	unitron_hearing
A-000000-02149	unitron_hearing
A-000000-00009	widex
A-000000-00103	widex
A-000000-00104	widex
A-000000-00105	widex
A-000000-00106	widex
A-000000-00107	widex
A-000000-00108	widex
A-000000-00109	widex
A-000000-00110	widex
A-000000-00111	widex
A-000000-00127	widex
A-000000-00128	widex
A-000000-00129	widex
A-000000-00130	widex
A-000000-00131	widex
A-000000-00132	widex
A-000000-00133	widex
A-000000-00134	widex
A-000000-00135	widex
A-000000-00136	widex
A-000000-00137	widex
A-000000-00138	widex
A-000000-00186	widex
A-000000-00187	widex
A-000000-00277	widex
A-000000-00278	widex
A-000000-00280	widex
A-000000-00286	widex
A-000000-00287	widex
A-000000-00340	widex
A-000000-01291	widex
A-000000-01318	widex
A-000000-01327	widex
A-000000-01367	widex
A-000000-01368	widex
A-000000-01369	widex
A-000000-01554	widex
A-000000-01563	widex
A-000000-01587	widex
A-000000-01693	widex
A-000000-01717	widex
A-000000-01782	widex
A-000000-01786	widex
A-000000-01787	widex
A-000000-01791	widex
A-000000-01792	widex
A-000000-01793	widex
A-000000-01794	widex
A-000000-01796	widex
A-000000-01798	widex
A-000000-01812	widex
A-000000-01854	widex
A-000000-01883	widex
A-000000-01927	widex
A-000000-01928	widex
A-000000-01929	widex
A-000000-01930	widex
A-000000-01931	widex
A-000000-01932	widex
A-000000-01935	widex
A-000000-01937	widex
A-000000-01938	widex
A-000000-01940	widex
A-000000-01941	widex
A-000000-01942	widex
A-000000-01943	widex
A-000000-01944	widex
A-000000-01945	widex
A-000000-01946	widex
A-000000-01947	widex
A-000000-01948	widex
A-000000-01953	widex
A-000000-01954	widex
A-000000-01958	widex
A-000000-01959	widex
A-000000-01960	widex
A-000000-01961	widex
A-000000-01962	widex
A-000000-01989	widex
A-000000-01990	widex
A-000000-01996	widex
A-000000-01998	widex
A-000000-02001	widex
A-000000-02002	widex
A-000000-02003	widex
A-000000-02004	widex
A-000000-02005	widex
A-000000-02006	widex
A-000000-02007	widex
A-000000-02008	widex
A-000000-02009	widex
A-000000-02010	widex
A-000000-02011	widex
A-000000-02012	widex
A-000000-02014	widex
A-000000-02036	widex
A-000000-02037	widex
A-000000-02038	widex
A-000000-02043	widex
A-000000-02080	widex
A-000000-02086	widex
A-000000-02236	widex
A-000000-02237	widex
A-000000-02238	widex
A-000000-02239	widex
A-000000-02274	widex
A-000000-02275	widex
A-000000-02276	widex
A-000000-02277	widex
A-000000-02278	widex
A-000000-02311	widex
A-000000-02312	widex
A-000000-02313	widex
A-000000-02314	widex
A-000000-02315	widex
A-000000-02316	widex
A-000000-02318	widex
A-000000-02319	widex
A-000000-02320	widex
A-000000-02321	widex
